uid,duration,orig_bytes,resp_bytes,conn_state,history,orig_pkts,resp_pkts
CSQG794riQ4XnzTxP2,5.005151,78,0,0,0,2,0
COTbdG2BhtGBlmf6r,0.007243,90,90,1,1,2,2
CP48WJ2HOnLuGtr5kb,0.00225,90,90,1,1,2,2
CeTMJi2TydRSaVdsG4,5.005154,78,0,0,0,2,0
CZ6ne24AN9WAg9XA9d,0.002246,90,90,1,1,2,2
CmOsCc16kkxJiJ3zF6,5.005157,78,0,0,0,2,0
Ca9JNa4eTKtloY8z5h,0.001999,90,90,1,1,2,2
CX4Jtj23yoifdPjkah,5.001404,78,0,0,0,2,0
CaZS0B31T39XBqk8Nd,5.001156,78,0,0,0,2,0
C458Uc2OYB9oRtxaAl,0.028733,90,90,1,1,2,2
CZXIAe1s3jP7RXfDR5,0.002502,90,90,1,1,2,2
CBFPjk2xXAZscgu3Y,5.005154,78,0,0,0,2,0
CE1jSk2DkfDD8Rz3Ch,0.005743,90,90,1,1,2,2
Cs1h301smX0xLliyFd,5.005153,78,0,0,0,2,0
CrdqKU1BReCA3aPxC6,0.011986,90,90,1,1,2,2
CbvBMw2cKyl2ARA6Aa,5.005155,78,0,0,0,2,0
CWqJKo1SQv81a7zl4,0.030732,78,103,1,1,2,1
CjSHdt4IqSEe8DG1Gg,0.002497,39,103,1,1,1,1
CZjfaX6qU3nzVXkZf,0.001757,45,45,1,1,1,1
COyJpx4Uie0VvePfz5,5.005153,78,0,0,0,2,0
CsyChm3ahqobiKapTh,0.001501,45,45,1,1,1,1
CynxBE3CoZB738mXye,0.000748,45,45,1,1,1,1
CmlYIj3CToM3oOYJof,5.00515,78,0,0,0,2,0
CrTJYJH0GCLhTOMa4,0.000999,45,45,1,1,1,1
CexVc34PRclNpn3PC1,0.000748,45,45,1,1,1,1
CQFqtEnpRnBaDClxg,5.010399,78,0,0,0,2,0
C11kkg2FtDRIXkJMt7,0.000749,45,45,1,1,1,1
COwiM3YmNPKeBNRmk,0.000748,45,45,1,1,1,1
CMHjSm13hCZF4xCwxd,5.001403,78,0,0,0,2,0
Cr40Gl4eXXdH7ghK34,0.000502,45,45,1,1,1,1
CV2vtZ23AEMp82P0F1,0.001498,45,45,1,1,1,1
CRd6uC46vSLT5BFk95,5.005153,78,0,0,0,2,0
C7iWKQ18Ivc5fbbIf3,0.002249,45,45,1,1,1,1
CV3EKnOgyG9JohuZb,0.405021,45,45,1,1,1,1
CBEPca2slPkZEp9qGg,5.005402,78,0,0,0,2,0
CtDfHNK3xKuF0SwFg,0.000751,45,45,1,1,1,1
CaIH3S9raWH2Jm8o,0.000747,45,45,1,1,1,1
CFK4Om4k0nebUscrL4,5.005149,78,0,0,0,2,0
CBW72C3c9dPVNS56Yi,0.001748,45,45,1,1,1,1
CcV7Jv20IQYofjlHJi,0.127185,39,103,1,1,1,1
CZNIgD1sQeGGDZUfM9,0.000749,39,39,1,1,1,1
CXulPr1Ra1OYQu0FBh,0.002493,45,45,1,1,1,1
CKcVTj1n3d7ofvP0K,5.005155,78,0,0,0,2,0
C6EZiN21AAI73TcNFe,0.0025,45,45,1,1,1,1
CZU4D92EixJK4DB0Hb,2.502827,78,0,0,0,2,0
CNgUZj2l83jIcPrLi2,3.154212,0,0,0,2,3,0
CfLCHf205DXztmqir,1.617577,39,55,1,1,1,1
C2ZOzL1pDUwQTtQKae,0.079702,45,45,1,1,1,1
Ce4au64YnJTFFqFTu9,5.005151,78,0,0,0,2,0
CdmbWP3Lusz2BZDiBh,0.005496,45,45,1,1,1,1
C5d30A30ILpqaVRhj2,0.002996,45,45,1,1,1,1
Cvgbqr15IZaS6QeObf,5.005152,78,0,0,0,2,0
CzRiHvObeQrN5cZrj,0.00075,45,45,1,1,1,1
CcNZCE10I9DD01Gbk8,52.848922,96,48,1,1,2,1
C9U7FM2yzpBysx01Rl,2.502832,78,0,0,0,2,0
CTV24e308oSlcnSkq6,0.001248,45,45,1,1,1,1
CxbQCs1hCjJUdlvAh2,5.000653,78,0,0,0,2,0
CEE7pv2tyQg07j6MTc,0.011242,45,45,1,1,1,1
CBVxapNmYAgQNwoE3,5.005152,78,0,0,0,2,0
CYiUE12b0rDAQrbgQ4,0.041737,45,45,1,1,1,1
CuH7vEOZVt5SySWPl,2.502824,78,0,0,0,2,0
C62xca4fmHu1rfgbh4,0.000999,45,45,1,1,1,1
CaQ9Zr7tNCTdpJ1V3,5.005133,78,0,0,0,2,0
C9e8M93rpRZ4fahhRf,0.00075,45,45,1,1,1,1
CF49552MEZIPhghQJ3,3.089987,0,0,0,2,3,0
CKDwfR3uIheA3RKxAd,0.01099,45,45,1,1,1,1
CeMvDo4xj9ZdRIPDsl,5.005135,78,0,0,0,2,0
CzEkgT25VYyTCvnc6a,2.523548,76,54,1,1,2,1
COCdv144Sm9JbeZzVb,0.001249,45,45,1,1,1,1
C6zl05Frb83jaBtRd,5.005135,78,0,0,0,2,0
CCN6hNYTNCo2oxiWa,0.001248,45,45,1,1,1,1
CJnx3W3Eb6pc3udC0k,0.000746,45,45,1,1,1,1
ChYSdM2Axe8sivthAh,5.005136,78,0,0,0,2,0
CGz1NO2U41HEXVg0K5,0.0005,45,45,1,1,1,1
CtHxXv46wV7Bx8Fsx1,3.121713,0,0,0,2,3,0
CwcBhm45ZQjh5AaKKl,0.038473,38,54,1,1,1,1
C84q47295lVUimQgYe,1.304013,48,48,1,1,1,1
Cz6Fat1rY1ky0RKhS4,0.002249,45,45,1,1,1,1
CoeLPz4n3KuiejkRNk,5.000636,78,0,0,0,2,0
CShXkb3qSX6llTCDTj,0.072703,38,54,1,1,1,1
CCmewv4ZCh0yvbFJ01,5.005141,78,0,0,0,2,0
C4PvKB2lqwRcUk7pei,0.00524,45,45,1,1,1,1
CoffUlTQcTAZtR9qd,0.010747,45,45,1,1,1,1
Cm5LoE4t0kifYQhA9k,0.000496,45,45,1,1,1,1
CkSQAM1giTwuMbIRra,5.005142,78,0,0,0,2,0
CpgaN93dd5MkqO7Dsg,0.0005,45,45,1,1,1,1
CAoscm48o71RxHjf2l,0.020245,45,45,1,1,1,1
CIOpWY13am1c6D6TOf,5.00514,78,0,0,0,2,0
CMvCgCdxXvlb1aU54,0.017488,45,45,1,1,1,1
CPYQ3r3otCo4Ptzi8,5.000388,78,0,0,0,2,0
C9Y0Dn3zfu9TKHecra,0.022486,45,45,1,1,1,1
CHDeRr4EP9HI4Kluhh,0.000499,45,45,1,1,1,1
CZWUdh4JphnnymCHRe,5.005137,78,0,0,0,2,0
CwGyZe3R6OIQodgRCb,0.0005,45,45,1,1,1,1
CsPh1Q1cpRUwNlTl1,0.000734,45,45,1,1,1,1
CwaCx71tdSnnZLAFMi,5.005138,78,0,0,0,2,0
COgpFj1DKdaPqgelK2,0.000499,45,45,1,1,1,1
CwpZVD2fAJBsSINCb7,0.000734,45,45,1,1,1,1
CheSuX20Jfn3pRZfd1,5.005155,78,0,0,0,2,0
CR5N8t1n97vyeVWtF7,0.0005,45,45,1,1,1,1
C5W2ua44aBAKz8oCTc,0.000488,45,45,1,1,1,1
CImZQ5kzpI6NNr5u5,5.000651,78,0,0,0,2,0
CDf6PVU5wELXkhlT1,0.0005,45,45,1,1,1,1
CFhBOr1vXLOqiwZa31,0.00049,45,45,1,1,1,1
CO00rZ2ozAopmd87cf,5.00514,78,0,0,0,2,0
ChLvyl4TdbGXpCUK8g,0.018738,45,45,1,1,1,1
C7A1NquXFS3Eu3ZC,5.005375,78,0,0,0,2,0
Cs5LIX1K4DayATwXjk,0.0005,45,45,1,1,1,1
CcfbmD3VDZmpquMV02,0.000742,45,45,1,1,1,1
CQFxQI1e6jWEzQgYra,5.005151,78,0,0,0,2,0
CN8LGB1ShW9mkUsMU,0.000499,45,45,1,1,1,1
CKftB2WJsiwBhUmLc,5.030111,78,103,1,1,2,1
CcSCJi1acYUwZ6I4N3,5.005386,78,0,0,0,2,0
Cyw0Xm15xmMDBdjpOa,0.018986,45,45,1,1,1,1
CCduSxNAL9qNtbOTk,0.132918,45,45,1,1,1,1
CUTfmA3b62FbMaxL55,5.005146,78,0,0,0,2,0
CqpIEG1HxhzPfvp1lg,0.043974,45,45,1,1,1,1
CavEO04Sb7tMRYPuv2,0.019481,45,45,1,1,1,1
CLXht23QUCCbdtt1Vb,5.005158,78,0,0,0,2,0
CEvXhA1KYNLErnfr4b,0.075702,45,45,1,1,1,1
CkHG7h1QXcyrCW6q34,0.105439,39,103,1,1,1,1
Cxb6bh1Num8DOwLBCj,0.001495,45,45,1,1,1,1
CTwI481AQGoNBNUQH2,5.005388,78,0,0,0,2,0
CHhKuP2iyxSjCYb8w9,0.0005,45,45,1,1,1,1
C6I6s934fnOiYJyku,0.024735,45,45,1,1,1,1
C64qbE2MKXcPrKOun7,5.005393,78,0,0,0,2,0
CO00b129ezZBPexN0j,0.033483,45,45,1,1,1,1
CJsQdDj7xRH8cU3Hf,5.005145,78,0,0,0,2,0
CnOEuH1bAye8FocA1,0.000749,45,45,1,1,1,1
Ce1zGT2vLi2vyMYSO4,0.00075,45,45,1,1,1,1
C7RKYG2IFLRgskBRb3,0.000745,45,45,1,1,1,1
CXD733ejM6ylgA9U5,5.005148,78,0,0,0,2,0
CbrgBd3tulViqbEufj,0.000501,45,45,1,1,1,1
C5p2Hw4rYVRt4i0MXh,0.002496,48,48,1,1,1,1
C8uPFu4XyK5ybmNXib,0.032729,39,103,1,1,1,1
Cz1j6x472B5wSXXK,0.000495,45,45,1,1,1,1
CWSFRh3GLsFFGLzXe9,5.005147,78,0,0,0,2,0
CTAAGj4QFl7jgSQEo1,0.000499,45,45,1,1,1,1
CLPSct4PRk6FFz3gc6,3.008529,96,0,0,0,2,0
CUVK302glVMFp87ho9,0.000747,45,45,1,1,1,1
CrDNxc2Ams3bWMQwAc,5.00515,78,0,0,0,2,0
CAkw9nj8UeD8YxVm1,0.0005,45,45,1,1,1,1
CJdcfr3uNxCCq7b9ag,0.189394,39,103,1,1,1,1
CNp5e5EKQvPDy4gDh,0.082704,39,103,1,1,1,1
CWuHBw1cgdNKQRwmql,0.000747,45,45,1,1,1,1
CiCbbm2qYi2LUvrdW8,5.004893,78,0,0,0,2,0
Cmy4uV3eftXdIfnpz5,0.000732,45,45,1,1,1,1
CjsrlG4zh3v8mGk3G3,5.005149,78,0,0,0,2,0
Cute1H35UE7YrlEm0g,0.00075,45,45,1,1,1,1
CMm1XH2hSRZC0d0hW,5.032864,78,103,1,1,2,1
CYgCI335l76p73eYDa,5.066107,78,103,1,1,2,1
CX7IbM2dnSxRNTvned,53.000004,480,480,1,1,10,10
CYyVM34Rj7uEZKd9Kc,52.003324,480,480,1,1,10,10
C9flv0355tBpbpROU4,0.003487,48,48,1,1,1,1
CIsEjw4sVjG8icYLH8,0.005986,48,48,1,1,1,1
CqzVTF2r9mpONPK2mc,0.002749,48,48,1,1,1,1
CFhbw64rN6BnI33gPk,5.047619,96,48,1,1,2,1
CUjBs71qArNwbazbF6,5.055613,78,103,1,1,2,1
CF8WjCpmYaIT5odC8,5.005145,78,0,0,0,2,0
Cf5k9IvheWiHGJ9oi,0.000746,45,45,1,1,1,1
C0VdHWtSrUpAOO8uc,0.000499,45,45,1,1,1,1
CkfP3S2sGUBwXxFLG9,0.006244,48,48,1,1,1,1
CkSve63xacvWRSZJb4,0.003,48,48,1,1,1,1
CFxcqwQKKWUQMjnpb,72.043403,384,384,1,1,8,8
CIzl2M2RVS1e05rps7,0.002496,48,48,1,1,1,1
CR2CeREdI2CFPhjz9,5.039627,78,103,1,1,2,1
CEQMHu2E8hpByB7MN6,0.009495,48,48,1,1,1,1
C7dMZz2NG72UHEkqAi,0.025988,48,48,1,1,1,1
CTqwDN2E1xgzoq3Fgl,66.986541,336,336,1,1,7,7
CcU3Ql2lGY0j4LoAI5,0.145424,48,48,1,1,1,1
CIWVve3JNmDvSXlCO8,0.005996,48,48,1,1,1,1
CaKfSq50s3gL6BAuf,0.002998,48,48,1,1,1,1
CXgdFi1GiUeUnZ4UZ3,67.005036,384,384,1,1,8,8
CfHhHy2HYGXQ6aJGKd,69.018132,384,384,1,1,8,8
CeB43Ftu5u1riuL04,0.02948,48,48,1,1,1,1
CXrBGD3LNCxE9kcIsa,0.007745,48,48,1,1,1,1
Cdw95W2zWDyhobnMCi,0.054227,48,48,1,1,1,1
C9HViL2B0ghCJFMrjf,0.053971,48,48,1,1,1,1
CceQbB2GxhbrL4iL51,0.005491,48,48,1,1,1,1
Cl35Yf3wOWaaMXxr9c,0.002243,48,48,1,1,1,1
CESsof3TbQBDaKwz4b,0.050721,48,48,1,1,1,1
C0bDMs2A0FNTPdix52,0.025485,48,48,1,1,1,1
CQYDZC12TD2hOpWN5h,0.003244,48,48,1,1,1,1
C92RGE4CBQ0rxsWZd,0.005995,48,48,1,1,1,1
C8h6uOrPcZe6DHZah,0.059464,48,48,1,1,1,1
CPDNn71jUFR47x2NW9,0.061211,48,48,1,1,1,1
C8pHWZ12EASz3D7Wl,0.034231,48,48,1,1,1,1
CJnSrl3N6TxIC4xmdj,0.060214,48,48,1,1,1,1
CMFwnq1X7IT0g3QOF1,0.035224,48,48,1,1,1,1
C4HcJt1ee02Uraafe3,0.14042,48,48,1,1,1,1
CAG1jMjKQupyJLJzd,0.061742,48,48,1,1,1,1
CUlfm04eNJoA4vAlRi,0.002249,48,48,1,1,1,1
CNJeAlaQ1VQK3oE3i,0.037725,48,48,1,1,1,1
CNSt0DqOShTDpG8g,0.029982,48,48,1,1,1,1
C0fEEv3CSqRwTe4Yx7,0.006494,48,48,1,1,1,1
CJwx2x2iPPP4ys5sGg,0.002999,48,48,1,1,1,1
C3rc4R1DGLZ7rYCSC1,0.005741,48,48,1,1,1,1
CTulN449k18qQz0zai,0.002247,48,48,1,1,1,1
CcWhFj2V1p4mVo9XH,0.034737,48,48,1,1,1,1
CKUYTo3LV8ywAaM9Uj,0.008478,48,48,1,1,1,1
CFcCCb3XgZoST8vXt7,0.002496,48,48,1,1,1,1
CB10vN2Bw4ESQnnoe5,0.227117,48,48,1,1,1,1
CV9uor4VDq1Zw8XjE5,0.038727,48,48,1,1,1,1
CsKfwY17wGZ7dUtdha,0.117701,48,48,1,1,1,1
CiR5Se1KJhA4StZEyi,0.123435,48,48,1,1,1,1
CcfnEgsxoByrADvaj,0.007728,48,48,1,1,1,1
ClBZRhnEnh2cg3CZh,0.006993,48,48,1,1,1,1
CDQOQA1VfaFSyUFokd,0.003748,48,48,1,1,1,1
CGKCUt7jGB6d7id2g,0.011742,48,48,1,1,1,1
Ca9SfM3mMNvJbfnz1g,0.05272,48,48,1,1,1,1
CoIDXk4AX1bKyJILRa,0.041722,48,48,1,1,1,1
Chk5bs3kjVG7nejsa6,0.009246,48,48,1,1,1,1
CTGnTJ4zv37fzFNr8,0.006745,48,48,1,1,1,1
COynWF2x1qfsEmDhUi,0.002747,48,48,1,1,1,1
CMQnH82TlJLI5Un7y6,0.002748,48,48,1,1,1,1
CaYdrM30i0F61oFQnc,0.005997,48,48,1,1,1,1
CxLbK33lOQW8X0pdIk,0.027484,48,48,1,1,1,1
C1miSjoSrYHklfaji,0.008494,48,48,1,1,1,1
CjmGoa2FvrChQna6K3,0.005745,48,48,1,1,1,1
CdeiTe4IIXyZPlvRkk,0.005496,48,48,1,1,1,1
CJ7ZiVPzEr44WkyJi,0.005746,48,48,1,1,1,1
CQyyyXRGXG1YDoSs9,0.002494,48,48,1,1,1,1
CtSQue2BsqgnRub9ml,0.047224,48,48,1,1,1,1
CyVmQ94JhyLBFKfKzi,0.048223,48,48,1,1,1,1
CCcLpu4l92mJ0A2eB,0.005986,48,48,1,1,1,1
CNLwOd4N6EbhC3xW67,0.002747,48,48,1,1,1,1
CcMEmn2gQUP9YGTYpl,0.084949,48,48,1,1,1,1
Cxija51OcBu9eUhnG2,0.002498,48,48,1,1,1,1
CyBBoG4bbg2ijPeD8d,0.025233,48,48,1,1,1,1
CValEo4kjrgQkMszF5,0.030732,48,48,1,1,1,1
CZWnqz1YErmIHkaxe8,0.008242,48,48,1,1,1,1
ClCR5q3WtgG0Iyvk5,0.002489,48,48,1,1,1,1
CnqYqq2CAh97Hpz5Ia,0.005743,48,48,1,1,1,1
CU28at1G2qLC003aF7,0.10769,48,48,1,1,1,1
C6xzRy3JHj0PVwbH49,0.058233,48,48,1,1,1,1
CdPG622gniZsyAZUt8,0.007732,48,48,1,1,1,1
C2EX222IzHM4vCtHoi,0.046475,48,48,1,1,1,1
CPdku52dGQarWViQug,0.003011,48,48,1,1,1,1
COQz6Y30VVQEy551Xl,0.031982,48,48,1,1,1,1
CDiZgL2ckOH6lv0xaf,0.002482,48,48,1,1,1,1
CdEyz385asOdJhDod,0.033721,48,48,1,1,1,1
CEr7BB2LldCSIrwQ55,0.008759,48,48,1,1,1,1
CacSh14eItXj6b5Gq6,0.026236,48,48,1,1,1,1
CA39Cv3v1wTCxt4bUf,0.002746,48,48,1,1,1,1
CxN7AI2mO0K1AdbO05,0.005737,48,48,1,1,1,1
CeSRdO2ZNPxyhmXY95,0.002481,48,48,1,1,1,1
CSPO9825XX0aS3Y235,0.117418,48,48,1,1,1,1
C6pMGE4It6Jisshcch,0.01026,48,48,1,1,1,1
CtZcx33hGUhBcqLSm7,0.005744,48,48,1,1,1,1
CR59Uq1evxONH5QOmb,0.002497,48,48,1,1,1,1
C6ZTLt1rzRna4Stpok,0.005996,48,48,1,1,1,1
CT71us21GV35rAbVo2,0.140423,48,48,1,1,1,1
CpskcQ3CAV8cJdJ3ah,0.051471,48,48,1,1,1,1
C1o22OleeNgbiR3pd,0.007744,48,48,1,1,1,1
C44ArX2MXcsOhw3yql,0.019738,48,48,1,1,1,1
CxLfsj3xpOOVzmLkP8,0.002498,48,48,1,1,1,1
Cc68GL30L6SrIjxLkb,0.005746,48,48,1,1,1,1
CJQbDx3hmd5eW77W7a,0.002494,48,48,1,1,1,1
CJoQOC3AeErxX1Z3Na,0.205631,48,48,1,1,1,1
CdVnSj1UcUoafjNJgh,0.007993,48,48,1,1,1,1
CBS8ZR1FUX9YB98Fw7,0.006245,48,48,1,1,1,1
CllPsB1g9zVxw9cWQg,0.111686,48,48,1,1,1,1
CtJunC150RDTSvQMnh,0.005745,48,48,1,1,1,1
CEK2nC9lAFFgxaMLe,0.097946,48,48,1,1,1,1
C9a66i4qIFd7dQyuN1,0.119692,48,48,1,1,1,1
CRMCvS2M4u11zUS6rj,0.007995,48,48,1,1,1,1
C6ewEN3CuCGj1AiTg7,0.062214,48,48,1,1,1,1
CIxWWg2qW6urWeGnV8,0.003745,48,48,1,1,1,1
CfN2xe2ncYZvlba5q2,0.186896,48,48,1,1,1,1
C4UjNZ1kZ88OtJAFf6,0.002494,48,48,1,1,1,1
CXnxpr2AjCzZYctYW8,0.087952,48,48,1,1,1,1
CerzVE4hoxhIMlvrz6,0.007995,48,48,1,1,1,1
CrK5kL3MvEZIZTpBLc,0.005495,48,48,1,1,1,1
CJYjU5h86suYEs7g3,0.028737,48,48,1,1,1,1
CayTdv3KLrkxxWBa7f,0.072208,48,48,1,1,1,1
CRAg1s3I89E8G5fe32,0.002482,48,48,1,1,1,1
CishHs2wsT1fERCJxc,0.049477,48,48,1,1,1,1
CslpYI1XJOc4ow4My6,0.019243,48,48,1,1,1,1
Cs2uux2Y3UfNwPD9Yd,0.45399,45,90,1,3,1,2
CywDvM2gAo9Sgf3KE1,0.050485,48,48,1,1,1,1
CIOOLMqjeUbd59cuk,0.002732,48,48,1,1,1,1
CY3O7o1kxICfYAdNnb,0.002737,48,48,1,1,1,1
C6bnUw3OjyJESH4rAj,0.006246,48,48,1,1,1,1
CX1JYO2A40FMvXc7s4,0.050727,48,48,1,1,1,1
Cv7XOoVlLvTbmroCd,0.008478,48,48,1,1,1,1
CHpAxw3Im2hBNi9Dif,0.005732,48,48,1,1,1,1
CSEqRud9y1Ud8FU2k,0.005495,48,48,1,1,1,1
CJSHK02z3L8h1duTtc,0.002494,48,48,1,1,1,1
CCvPS91DgVBru6hRta,0.005744,48,48,1,1,1,1
CRxaez467WeS3xABie,0.034715,48,48,1,1,1,1
CXqGJu1jcEEbJ4kn51,0.02773,48,48,1,1,1,1
CXyfbsHvgDsMmNnvc,0.005745,48,48,1,1,1,1
CYJ0AUGMLCi1sApH2,0.002744,48,48,1,1,1,1
CHwNuP2Yl3BYyDuAb7,0.049473,48,48,1,1,1,1
CXUZwK2wHuI0LFYJyh,0.060462,48,48,1,1,1,1
CQKkOw1kPx0uuV196a,0.005746,48,48,1,1,1,1
CbCElW1zYw4ZZHowE1,0.068961,48,48,1,1,1,1
COVkIF1uxOkrsLwKgh,0.019234,48,48,1,1,1,1
CU7SI23MPgG9UIrIRh,0.002995,48,48,1,1,1,1
CFF77b2EE8VkqGgtx6,0.002497,48,48,1,1,1,1
Cy4rt02g0wIsAtfah8,0.005997,48,48,1,1,1,1
Ckwaum2kRzVy8jjrK2,0.076457,48,48,1,1,1,1
CtYigy3ol3wdtowI9f,0.082702,48,48,1,1,1,1
CjWodMVFj4w84MI42,0.005746,48,48,1,1,1,1
CMjUen8UJTnWGVtlg,0.003495,48,48,1,1,1,1
CUGYlk1hjOXDeOv86f,0.002246,48,48,1,1,1,1
CL2VWy1QDRspv563b8,0.039976,48,48,1,1,1,1
CBU3Wq1wGNyFOImQT4,0.005995,48,48,1,1,1,1
CrBftc13NAhrKaCSdg,0.007994,48,48,1,1,1,1
CqUyIiyl8S4Ro3a5c,0.022735,48,48,1,1,1,1
CeM7Uv1l4JMe2z33h3,0.002497,48,48,1,1,1,1
CysP2k4uBF5QzW1SUe,0.045226,48,48,1,1,1,1
CytdEG23VMRETdeNhj,0.04897,48,48,1,1,1,1
CwtaopLnbOUhxR2v6,0.005746,48,48,1,1,1,1
CU7epV3Brha7K5y5bf,0.007991,48,48,1,1,1,1
CuvdXS29vJVbZ3EjTh,0.005745,48,48,1,1,1,1
CTPsqV1oIixPWRCILk,0.002995,48,48,1,1,1,1
C5fwde1l1oUIyqT6Y9,0.029232,48,48,1,1,1,1
Cn7RBF2dNtS5KkJdRe,0.002237,48,48,1,1,1,1
CVD4jq3IoIjnFB4i2b,0.00597,48,48,1,1,1,1
CBWQtr3pGP48fk18I5,0.238625,48,48,1,1,1,1
CBdill23CrBnwmD4Bg,0.005735,48,48,1,1,1,1
CV15c64rhjqZcOUKA6,0.016739,48,48,1,1,1,1
CjCp1g2iF1ZlUWLA99,0.002746,48,48,1,1,1,1
C3CtGemxrxnWoARPb,0.040745,48,48,1,1,1,1
CrVg6Y2fspLr4PX1L4,0.094194,48,48,1,1,1,1
CaL2zN2Pksm2JYFsG9,0.007744,48,48,1,1,1,1
Cp95bp3dQyKtXlwx82,0.140671,48,48,1,1,1,1
C2aS0AbUeZbhbvb23,0.002746,48,48,1,1,1,1
C7spQ62SivbvjwoXr7,0.012494,48,48,1,1,1,1
CYImSv1euGkLbPp06,0.029492,48,48,1,1,1,1
CZD6dA4KzShdSKYhl2,0.069956,48,48,1,1,1,1
Cj3bM841KFfQe8mnbj,0.007994,48,48,1,1,1,1
C5VxipIyHfIJPQqW7,0.005746,48,48,1,1,1,1
CLt3ZlApRY6W2QcLi,0.002746,48,48,1,1,1,1
CAublX3gsReI5fEdhf,0.183901,48,48,1,1,1,1
CloEHi12mTkL7vX8Nb,0.040725,48,48,1,1,1,1
Cd9IgYob8qUiZ7sGe,0.046474,48,48,1,1,1,1
CftVI12VKCIIlZ3iQf,0.047472,48,48,1,1,1,1
CLaevw26AdQFfmWZwl,0.005479,48,48,1,1,1,1
C6FaKNab713MkNjk9,0.003997,48,48,1,1,1,1
Ce0NDI3kRkLsr8wvI8,0.002247,48,48,1,1,1,1
C1M0993poTD03yRgV7,0.005746,48,48,1,1,1,1
CZNYro4CGRQKkEjVuc,0.036478,48,48,1,1,1,1
CH1TMG1nM7IKqywWll,0.00899,48,48,1,1,1,1
CVJTho4tYizY3iH0G5,0.005744,48,48,1,1,1,1
CjNKJCcHR1QHKa79c,0.062208,48,48,1,1,1,1
CKnzNs1SlMKevK16a6,0.005745,48,48,1,1,1,1
CPpix71TJBeRDzxn6l,0.002747,48,48,1,1,1,1
CrgpnrtQryasv9dQ2,0.028735,48,48,1,1,1,1
Cu2Bla1UOm6jfSJUea,0.01874,48,48,1,1,1,1
C74GLI3QEDVuUn4Sj4,0.123428,48,48,1,1,1,1
CoN6Ak31gT5mA7V9Xl,0.002495,48,48,1,1,1,1
CfhphD1BOUoQhFUMZ,0.020985,48,48,1,1,1,1
CWANel3EvajdRghhMb,0.006002,48,48,1,1,1,1
C3TfRx1O26VXm2Dgo7,0.104441,48,48,1,1,1,1
CxRIqC4PHIeGOOjMU4,0.002237,48,48,1,1,1,1
CWrPN21Ccq8OfLI4c,0.007979,48,48,1,1,1,1
COPGUxZJGOdjm9HWk,0.005743,48,48,1,1,1,1
C1hit01VJnwcsHxAk8,0.002482,48,48,1,1,1,1
CuZXC81xqFlKYPcb2f,0.164918,48,48,1,1,1,1
CJojGKcz4V11XHTqi,0.005736,48,48,1,1,1,1
CWxUM14li2w0D2Ywxe,0.028725,48,48,1,1,1,1
Csi7p83tx6y7QxAO4l,0.035215,48,48,1,1,1,1
CLofOw4hy2HFUYvLU7,0.007727,48,48,1,1,1,1
CM0hA51YXkhWaeTLle,0.00598,48,48,1,1,1,1
CMwVeC4PUzLEBRuBcl,0.033979,48,48,1,1,1,1
ClXoKd4pMjN2H7lOKl,0.005239,48,48,1,1,1,1
CeiQJA43a1IbbnU7Ql,0.005995,48,48,1,1,1,1
Czfnmc4jax3nQ4A604,0.002245,48,48,1,1,1,1
CQrBhS2avGQisgFvtg,0.042221,48,48,1,1,1,1
CAW24l4LlETUPFRQZ7,0.01074,48,48,1,1,1,1
CEfk1V3NBv7gdiMww8,0.005746,48,48,1,1,1,1
CEaRYE1wxjNs4hZndl,0.002747,48,48,1,1,1,1
ClXciK2sFQSkmpPAG4,0.002498,48,48,1,1,1,1
CPdZ1x39zTwK6eSnC7,0.080454,48,48,1,1,1,1
CNH3zc1H7PuerjXrEi,0.005989,48,48,1,1,1,1
CcytUS1hd8oRNEg1e7,0.007742,48,48,1,1,1,1
CVpmTp4C5PYQ3ZKsd8,0.030982,48,48,1,1,1,1
CdQJUrBTACvChfh43,0.002496,48,48,1,1,1,1
CxARfj21Z9Sosg4Njh,0.201152,48,48,1,1,1,1
Cm80182oWjCTdvov0b,0.076215,48,48,1,1,1,1
CV32Wg1M5Mq0AJclnc,0.00599,48,48,1,1,1,1
CDLF3t3DJwCqrST5hk,0.069471,48,48,1,1,1,1
Cn7RXE2G7mOgADGjFb,0.083199,48,48,1,1,1,1
CKvcyxmDSjjllGbQg,0.005987,48,48,1,1,1,1
CLcFbF54WN1BRuVjd,0.002749,48,48,1,1,1,1
CnyUuPK4GPpALpPV9,0.003234,48,48,1,1,1,1
CEAyQt4uthywEKy2xc,0.003006,48,48,1,1,1,1
CXMxF72OXt7do404rf,0.049466,48,48,1,1,1,1
CbANwW2tc75DMjSNN5,0.050967,48,48,1,1,1,1
CUCKFx2DaPvK1YIsbi,0.006992,48,48,1,1,1,1
Cllm073OrcMuUep5Sd,0.002744,48,48,1,1,1,1
Cywci81z8Z2PkdSlh,0.062215,48,48,1,1,1,1
C9RmvR2eHhZfkqsh9j,0.061969,48,48,1,1,1,1
CbDQ7U2wg7WnRGFGY1,0.007993,48,48,1,1,1,1
CYoYdo1Hy59koW93W8,0.142667,48,48,1,1,1,1
C3xITd42uQkPWLIDe9,0.142425,48,48,1,1,1,1
CFZRAt2Z2DN9vSjOWg,0.045225,48,48,1,1,1,1
C0Rgm92cLrzbVVmBq2,0.002995,48,48,1,1,1,1
C7US49ZqWlAzh2ck,0.002494,48,48,1,1,1,1
C26N8m39HEZ5hTl0o5,0.005485,48,48,1,1,1,1
C3226b4eQOFAqatQE6,0.10069,48,48,1,1,1,1
C542Fq2QZGbKkLMvv9,0.037477,48,48,1,1,1,1
CJbxKP2xslHRoUEP5f,0.005744,48,48,1,1,1,1
CKqbUS11CfsJuhOn3k,0.006013,48,48,1,1,1,1
CehhCIQEOcfoqHAec,0.027483,48,48,1,1,1,1
CPDL0k4tLez3PZcSf1,0.002487,48,48,1,1,1,1
CRdg3DHRY5zNxpONc,0.00823,48,48,1,1,1,1
ClE0R12ZwWWZfvGh1i,0.198889,48,48,1,1,1,1
CvpSYh2tq8QWut2Fdb,0.027982,48,48,1,1,1,1
C1KBeJ2ZggQcuBUqtc,0.005985,48,48,1,1,1,1
CdOMol3rk8aboU8tMh,0.005738,48,48,1,1,1,1
CanmnC2nwQ7gfLxH1c,0.003231,48,48,1,1,1,1
Chr7jc27LUwVDzs6Gf,0.007742,48,48,1,1,1,1
CoPBiw2BJuRYVd0Clj,0.071708,48,48,1,1,1,1
CQJVPT2gd17I7hDhY1,0.227873,48,48,1,1,1,1
CAe6xJ1SOXkdVLb5Tk,0.030982,48,48,1,1,1,1
CvHrpClqOneBLOFN6,0.005996,48,48,1,1,1,1
CmGTCI3G5tCQwu6pCc,0.005744,48,48,1,1,1,1
Cuk8XyZobgcOu4rM,0.002745,48,48,1,1,1,1
C952Ks3twMUz4mbC5l,0.297083,48,48,1,1,1,1
CklIr517kI5cZacsV3,0.002495,48,48,1,1,1,1
CZMHAe3ZDn05AmvZR9,0.036732,48,48,1,1,1,1
ChDDNG1RsqLKyAIte6,0.099439,48,48,1,1,1,1
CvmrnZ3sWtAqCRqQka,0.055463,48,48,1,1,1,1
CqdJi32Vc5V8PrS01b,0.005749,48,48,1,1,1,1
Ci2qnJ6wICQVkgUc4,0.045218,48,48,1,1,1,1
CnDlaoQJ34AgWmYA9,0.050481,48,48,1,1,1,1
CRcNODMXawcczd205,0.050719,48,48,1,1,1,1
CnTTmZjK14FgaPzrj,0.002482,48,48,1,1,1,1
CwU3fc3evpOhrviYCl,0.03298,48,48,1,1,1,1
CxxGuW3eQyE0ROgXN6,0.006,48,48,1,1,1,1
C9AVdVwJ4PmG6iD8,0.007734,48,48,1,1,1,1
CLzHsI1yIHp0WDtczf,0.002729,48,48,1,1,1,1
Cm6TbEFY0ym5ReHL3,0.00773,48,48,1,1,1,1
COUIpZZAHFNTJ1b93,0.002232,48,48,1,1,1,1
COE0MS2SkHGQIoyPc,0.005993,48,48,1,1,1,1
CMlYli3dskHNtsWxbj,0.033732,48,48,1,1,1,1
CmtKlTIYBkLEhRvpg,0.01772,48,48,1,1,1,1
CaJ1VI2HSuOhb6By79,0.006995,48,48,1,1,1,1
CfkD7a3iFEXkR3pC3,0.002495,48,48,1,1,1,1
CJAynG4AQ6OnhhkNq1,0.008245,48,48,1,1,1,1
CKiiGr4FnzqGhN0Zq1,0.002246,48,48,1,1,1,1
CBl8EHlyGUgzZonKj,0.22137,48,48,1,1,1,1
C9o5IC4NXHw17UTdsj,0.005744,48,48,1,1,1,1
CR69mRXasthSj8kj7,0.002745,48,48,1,1,1,1
C7ENWw1ojRUOxW5dX9,0.018488,48,48,1,1,1,1
CxYjYe1Jotnks1Z0Kf,0.002746,48,48,1,1,1,1
CzEpRmyneUpDfFgF8,0.11369,48,48,1,1,1,1
CQsW8X23NZSuOpPeRa,0.153668,48,48,1,1,1,1
CI1TaB1jwytXtiQtWa,0.039475,48,48,1,1,1,1
CxwnkQQKVTTP9WS0g,0.005996,48,48,1,1,1,1
CKeUWI2jAHKQ44S9Aa,0.003245,48,48,1,1,1,1
CVBPSK1Jsb9WSyqhB,0.052721,48,48,1,1,1,1
C4SMhTq5WUYvEbWsc,0.046474,48,48,1,1,1,1
C9iEyz4ez8RxKxC8jk,0.007744,48,48,1,1,1,1
CfsyUZ3StvKKwPw0D6,0.002237,48,48,1,1,1,1
CKJtd24d4JlQ4WzCtk,0.006979,48,48,1,1,1,1
CtL4ia1wktpIckiyml,0.193377,48,48,1,1,1,1
CWOudD4f4xBCO6H7c8,0.002486,48,48,1,1,1,1
CBD9Q73bN8Ag7BDAY9,0.005984,48,48,1,1,1,1
CD2BX53GaLRclyMpxj,0.00248,48,48,1,1,1,1
CzG9TvrjiX33z64ek,0.002745,48,48,1,1,1,1
C2GbKz4JVeiQrOEIq6,0.002497,48,48,1,1,1,1
CZTbt34iRyXhhhVJq4,0.002499,48,48,1,1,1,1
CxDoCt2iYq9cNdQm8c,0.04672,48,48,1,1,1,1
C3bQWM3qKEMZG6P4Hd,0.005747,48,48,1,1,1,1
Cypd7G4TMzoMd0guEg,0.003243,48,48,1,1,1,1
CB6Unm4jNpE8AnU8R5,0.008494,48,48,1,1,1,1
Cf8Igs4oOBqWryzIMd,0.002748,48,48,1,1,1,1
Ca2WCBItkh3iritc4,0.051471,48,48,1,1,1,1
C1C8fO31atnAlNm6A4,0.002495,48,48,1,1,1,1
Cl3ltr3yZ1caYwcL5f,0.002481,48,48,1,1,1,1
CvMFNZ1PyjOd4SA3c,0.006004,48,48,1,1,1,1
Cphloc25wHlZbKf8s2,0.043979,48,48,1,1,1,1
CCnKP82KPLQuppwhuf,0.002738,48,48,1,1,1,1
ClT1vO2h5pavIhCG0c,0.005987,48,48,1,1,1,1
CzWjrr2TM9wfi71Taa,0.072955,48,48,1,1,1,1
CjIUlR2hkU67LLsAph,0.036226,48,48,1,1,1,1
ChP2zb3JU8UhX5ex8i,0.046223,48,48,1,1,1,1
C2FUudPif5IBZTFud,0.007995,48,48,1,1,1,1
CoX5dZ2vECHMSYVOM1,0.170153,48,48,1,1,1,1
CrNGat16FaKu4hut86,0.002497,48,48,1,1,1,1
CoQuWx49XstU24wQDe,0.002747,48,48,1,1,1,1
CKP8NU16zIAbgwPE36,0.005995,48,48,1,1,1,1
CVfWOn3vBMT6X0pxt5,0.002497,48,48,1,1,1,1
Cko6Se2BhpzHsUcyRh,0.002737,48,48,1,1,1,1
C6jko42t5IwNW2HYi2,0.002492,48,48,1,1,1,1
CD9N9G3HHF5lCJcYe8,0.043728,48,48,1,1,1,1
CsVQWv1hMUHqdDT7h7,0.002483,48,48,1,1,1,1
CzgUrQ3kBHt7WXD0g3,0.294076,48,48,1,1,1,1
CmB00522IGglUHtnlf,0.005995,48,48,1,1,1,1
ClKwfr4xiGC2XiAbab,0.055716,48,48,1,1,1,1
Cz37lr3HJxo1rXH06h,0.032232,48,48,1,1,1,1
CQFfGA40HezQd1O2Qf,0.002746,48,48,1,1,1,1
CX5AFGm1VBdHLvL0f,0.007745,48,48,1,1,1,1
Ci3F2g1WfIAoCuT2R9,0.179395,48,48,1,1,1,1
CCSKCX3KWM9kS4yqQ7,0.008492,48,48,1,1,1,1
CZmljh2Wd1JMZbKDx9,0.002983,48,48,1,1,1,1
CfCvys3f8vyXIluZ09,0.002497,48,48,1,1,1,1
CHMkvRfTLUU9FZWdk,0.007994,48,48,1,1,1,1
Cdm8o83mnahDbDhjo5,0.050726,48,48,1,1,1,1
CL8IOQzSxCNgh1hw4,0.002248,48,48,1,1,1,1
CxO9V31w0neh6ivLOb,0.002747,48,48,1,1,1,1
CrsV7vUnylSbFpQsc,0.049222,48,48,1,1,1,1
CCE1rLIijWgQInxke,0.003246,48,48,1,1,1,1
CzbyJA2zIgubk2ylTl,0.002747,48,48,1,1,1,1
CArGs41eW6krMtG3Ci,0.002739,48,48,1,1,1,1
Cwqrk2UK2UFnmFL53,0.142667,48,48,1,1,1,1
Ckw6tBXHjYisUfmq2,0.174903,48,48,1,1,1,1
CvuMZS1Yko50SpNL4i,0.002747,48,48,1,1,1,1
COegew57U1Jd8P0ei,0.002496,48,48,1,1,1,1
ChxVMo3fQTd9QesdX5,0.002996,48,48,1,1,1,1
C2h75h3vUsCgnjYUv5,0.184898,48,48,1,1,1,1
CQ68BB1Grv2XF6BIEg,0.003008,48,48,1,1,1,1
CeJjPd34X3eP2246Dj,0.087961,48,48,1,1,1,1
Ce65llB357FvwbQm5,0.031226,48,48,1,1,1,1
CTwk334zwvsuRr6UMe,0.002745,48,48,1,1,1,1
CF3oFa2z2rf4WhPHp4,0.002496,48,48,1,1,1,1
CoLiSE34191pGZEZ9e,9.968049,288,288,1,1,6,6
Ciosiv34iKeFjszfZf,0.002747,48,48,1,1,1,1
CGxkMl35thTcEODIR8,0.002489,48,48,1,1,1,1
Cxyjyr1bzcJBUR5mqh,0.002748,48,48,1,1,1,1
C76t5k1UChmjntbVlh,0.153163,48,48,1,1,1,1
Ci4Y89gYIdC75JAK3,0.002731,48,48,1,1,1,1
CxyUlL32iVUablqCWi,0.003996,48,48,1,1,1,1
CjBNjw1G2gOVl44gMd,0.002747,48,48,1,1,1,1
CijzPoOL5yViRBQn8,0.002746,48,48,1,1,1,1
Cl7jdg3QKrNq7Wrjh1,0.03098,48,48,1,1,1,1
CjMmEx3As27cMaaZ82,0.150911,48,48,1,1,1,1
CPO8aW12sNAA0cMGZ6,0.002745,48,48,1,1,1,1
CtWYtB42KgshnHxZs8,0.002737,48,48,1,1,1,1
CdJzdV3aTqfY5Kfql1,0.025481,48,48,1,1,1,1
CAtP1P2JkBMs0DKox3,0.087225,48,48,1,1,1,1
CHkZ5G32qjKP4CBWZj,0.002748,48,48,1,1,1,1
CxxdfJ3KNTD2BhSJEl,0.002745,48,48,1,1,1,1
CEwYbr1ZreNQJOj8v,0.002496,48,48,1,1,1,1
C2FEjr1dtape2gaCGi,9.970067,288,288,1,1,6,6
CcT32M1XGUYLmnC81a,0.006989,48,48,1,1,1,1
CAzfQA2rPL8P8B3Jtc,0.002731,48,48,1,1,1,1
Czd6rK15VOASs3PSqk,0.002732,48,48,1,1,1,1
Cj2EMQ1moD9Z5HNbD5,0.050969,48,48,1,1,1,1
CSueaQeCwSlIP08we,0.002747,48,48,1,1,1,1
CLi73t4hwIqKrKNHWh,0.002745,48,48,1,1,1,1
CU0n0co4NIxKXBhSj,0.002748,48,48,1,1,1,1
CFuCIIodbAaTaO5hg,0.002991,48,48,1,1,1,1
CGy7YL1DDuEjQHoEGb,0.002745,48,48,1,1,1,1
CtyJvd4BukueAtQ7Ll,0.002748,48,48,1,1,1,1
CuB0gd2jJPvRKhvB77,0.002747,48,48,1,1,1,1
CxDE8b3Or4GJvppTyl,0.023987,48,48,1,1,1,1
ChvAx7UXgMjOp4ftd,0.002743,48,48,1,1,1,1
CQz1kl3OBCmCpNuYJ7,0.003,48,48,1,1,1,1
CBRC8tpD74d5JsNSj,0.002744,48,48,1,1,1,1
CTN9rC2URWovdlwqq9,0.002744,48,48,1,1,1,1
CQsusd34Hyl5nP0qg4,0.075468,48,48,1,1,1,1
CSzFw74r6FbugegFP1,0.004001,48,48,1,1,1,1
CATMIY35Fpld570Sze,0.079949,48,48,1,1,1,1
CJQLQt3EV8rJsgtnDe,0.002995,48,48,1,1,1,1
CioJEE39YbFoMaYyul,0.002747,48,48,1,1,1,1
CUMN5YBhtVvv9SOx6,0.002496,48,48,1,1,1,1
C82eJj4aGOdWssSQgg,0.002742,48,48,1,1,1,1
Co5QfdbLkdsB67Nua,9.967808,288,288,1,1,6,6
CKKYs288HA0FTKw0g,0.160665,48,48,1,1,1,1
CegJEa2xw9YivrsxRi,0.049474,48,48,1,1,1,1
CDTTiJleJACf6r2nd,0.110698,48,48,1,1,1,1
C1i0Hl2LukGgATa41a,0.019235,48,48,1,1,1,1
C49WfQ1B2SK8Sa0tIe,0.004244,48,48,1,1,1,1
CuzmKy4o5g75T7SN1j,0.002745,48,48,1,1,1,1
CSq33n8XjgtxmgeUk,0.002747,48,48,1,1,1,1
CF7oTr1MbC3k8Y02b3,0.002745,48,48,1,1,1,1
CYt5Tv0bErefKlElg,0.054471,48,48,1,1,1,1
CQdgVj2eEeFQHqzOS7,0.002747,48,48,1,1,1,1
C6nVyF4bXRq0qmd3Y2,0.002747,48,48,1,1,1,1
CJLGBRhMnsdgj00uf,0.018988,48,48,1,1,1,1
CN2ItZ3cE3NInrLNI5,0.002748,48,48,1,1,1,1
CLx52s17CzBknQqx66,0.002746,48,48,1,1,1,1
CDVpNn1DEpS1zfNmO6,0.256855,48,48,1,1,1,1
CA1ta5Mjda0kxkNok,0.002738,48,48,1,1,1,1
CQru494w6EDLwzjEb,0.002737,48,48,1,1,1,1
Cxehp14fIbLjweC99c,0.002737,48,48,1,1,1,1
CrgW252hKYtEPGMLoa,0.063209,48,48,1,1,1,1
CeQ49y1yF9TEsUrMq4,0.028978,48,48,1,1,1,1
CXndis42s27cBQ06x4,0.002997,48,48,1,1,1,1
CoCed82r7NnrKgkh6,0.002497,48,48,1,1,1,1
ClNDbr3FyGbXtaJhdk,0.00274,48,48,1,1,1,1
C9PW7BLnIiiCuUlTg,0.123694,48,48,1,1,1,1
CBngl12TPPpAI9Wsa1,0.032725,48,48,1,1,1,1
C3XK3m29gFr4E5nxYa,0.002745,48,48,1,1,1,1
Cxdy9a1Lak6jrkIL3f,0.021237,48,48,1,1,1,1
Cp8Q0F1zxhrsqdQ4ml,0.022987,48,48,1,1,1,1
CnxlrE15QIinRlFydj,0.002996,48,48,1,1,1,1
COXaxTX22bVSZ2gie,0.018735,48,48,1,1,1,1
CLOmwW3eQ1uHzogLi,0.029234,48,48,1,1,1,1
CCUprl46EBVrH6TMm8,0.002986,48,48,1,1,1,1
CgPHHc4AZVaJFDZ9Vd,9.964299,288,288,1,1,6,6
CjW08t2lxAff7m4Ayj,0.002746,48,48,1,1,1,1
CprKdh1uw5KRctsved,0.002497,48,48,1,1,1,1
CtXzAbLJKye49PDqf,0.002745,48,48,1,1,1,1
CBTSXZgtFm9d4vZX,0.016487,48,48,1,1,1,1
CZPIPI3LeTPBr8dQT1,0.002747,48,48,1,1,1,1
CA7zYF48Cf0lhyZJg8,0.017233,48,48,1,1,1,1
CTQ3d742Xrio8RfJle,0.004237,48,48,1,1,1,1
CLDdBo3WWoAEQ4zGJ8,0.041725,48,48,1,1,1,1
CHXC4G2Qrlo48Sot3f,0.002496,48,48,1,1,1,1
CICDLoD7iCw4jOAs2,0.002745,48,48,1,1,1,1
Cx7ngG1VXukoXEGPI,0.037472,48,48,1,1,1,1
CDx5or1JtHwk9xaiok,0.002747,48,48,1,1,1,1
CFqrSO1VqtQjSWK657,0.070212,48,48,1,1,1,1
Cy0yws3H9INuicb9U1,0.016994,48,48,1,1,1,1
ChRNiV1qa7EjxjjQJc,0.006745,48,48,1,1,1,1
C3u2Sq1Rxf5RMVDea1,0.003747,48,48,1,1,1,1
CQe1Wz2pNOPH96J2b2,0.027986,48,48,1,1,1,1
CAwo1C1F12p23ewzu9,0.003996,48,48,1,1,1,1
CUy2kO3gGKcdblsPW9,0.002497,48,48,1,1,1,1
ClF7jD2Q0jc9EtFYrh,0.003497,48,48,1,1,1,1
CrZZVrKvSlCkiLHUa,0.00476,48,48,1,1,1,1
C2VfzN3srESOiasIQ8,0.002731,48,48,1,1,1,1
CbnVxF1SIHVGO5LKh7,0.002745,48,48,1,1,1,1
CLAd5L3ujz0G05zUN9,0.057965,48,48,1,1,1,1
CiUjMQ2AckTWpPSGAh,0.003247,48,48,1,1,1,1
CBqND919dmGXMfUqRc,0.002997,48,48,1,1,1,1
CbSF7j3SQZEA3AASMl,0.002746,48,48,1,1,1,1
C6iLj3gcnFkhALJsd,0.00498,48,48,1,1,1,1
CC91nX2XXkPVrqnAre,0.003981,48,48,1,1,1,1
CLUkFk6CpqBprr2t4,0.016475,48,48,1,1,1,1
CIMKJJm87lfSXfr87,0.002747,48,48,1,1,1,1
C9esRfwH6W3jEPgWd,0.002745,48,48,1,1,1,1
CI1NdP3kIrzt244S8f,10.007562,288,288,1,1,6,6
CgjWmI1OenL8ViNUs5,0.124432,48,48,1,1,1,1
CDnntt1Q1eCGC3PNBd,0.002745,48,48,1,1,1,1
CXRxvZq92v9RybUbg,0.007992,48,48,1,1,1,1
CzA2gd1n8oV8Xcz982,0.002731,48,48,1,1,1,1
CSlnEr3ZsZPYXqwGi2,0.003744,48,48,1,1,1,1
CFkCYv4mmzzmdKivh,0.032981,48,48,1,1,1,1
CFdHqHF5md2tPUd57,0.002744,48,48,1,1,1,1
C6bcMyEHcwOW6OH08,0.111183,48,48,1,1,1,1
ChcLtc1UVOgysHfVS6,0.009492,48,48,1,1,1,1
CVMynpJmJjYD92q21,0.002747,48,48,1,1,1,1
C0rFV34EsgDcNKMOdf,0.000497,45,45,1,1,1,1
Csgw0vmhd9mEj6ua9,5.005401,78,0,0,0,2,0
CmRdrr2qE2YN2HbX17,0.0005,45,45,1,1,1,1
CSYMPl4tTf3fnqJHZ1,0.192385,48,48,1,1,1,1
CuCU5AGmIIwTq9nNi,0.000497,45,45,1,1,1,1
CGBel13GoAF70tW331,5.005399,78,0,0,0,2,0
CDxkMN3sbERM9XS4o8,0.00075,45,45,1,1,1,1
CMkDw63ErzKwHCrm04,0.007745,48,48,1,1,1,1
Cl0qkH2Pw2KjKisaVe,0.203129,45,45,1,1,1,1
CdyOSt3NvMT7u00Mgh,5.005406,78,0,0,0,2,0
Cx2vhM3g7zOmdMoepe,0.00075,45,45,1,1,1,1
ChUx1I1LNwi3eWJsYi,0.000497,45,45,1,1,1,1
CO2OAF1JVMJhYOS9i8,5.005402,78,0,0,0,2,0
CKSGqC2li1Pfu283lb,0.000749,45,45,1,1,1,1
CM7weD3tFo6EVeKh83,0.136421,48,48,1,1,1,1
CfZA9f3au3OaHDTPHj,0.000496,45,45,1,1,1,1
CBCreR2DHqElEI02L2,5.005401,78,0,0,0,2,0
Cekq5c2uvf5t1gkuQf,0.000749,45,45,1,1,1,1
CwHD232c9JAtMTyD2j,5.07736,78,103,1,1,2,1
CMygdSBBfaTqNvcf4,5.005401,78,0,0,0,2,0
CpzFk81BnO31Ch6ECe,0.000481,45,45,1,1,1,1
CczONu4dZEt5hxKUfd,0.000498,45,45,1,1,1,1
C9Vl152tFvYOIAnyQa,0.025485,48,48,1,1,1,1
CdZQ9IAxRaZeYixQ2,0.031731,45,45,1,1,1,1
CDPLR11rALSMufRMV5,5.001151,78,0,0,0,2,0
Cb5wCXym4ARJ8CCz4,0.003998,45,45,1,1,1,1
CipLWM1kfymON1KvA4,0.062473,48,48,1,1,1,1
Cd30jf4ZOHmM7Tk345,0.002749,48,48,1,1,1,1
CUeCES1m9Oza8HHZnh,9.958568,288,288,1,1,6,6
C3bxPa2Hlw7DNxyGEf,68.976977,384,384,1,1,8,8
C5zwzo3zaNLVJUJBU1,0.003495,48,48,1,1,1,1
CZeQ3E2fEj91hQSmy5,0.006481,48,48,1,1,1,1
CJ3cTe2HeWcrEKIse4,0.057708,48,48,1,1,1,1
C6M9hv4clTOA1KrvLj,0.00574,48,48,1,1,1,1
CTw3vB30mTNSU3dm23,0.002747,48,48,1,1,1,1
CQJiu14rChzsHCenIa,0.002747,48,48,1,1,1,1
CC146a3UK0qKmLjU7h,0.069961,48,48,1,1,1,1
C0uhlF4Xv5Jp01ABG,0.079956,48,48,1,1,1,1
CF3eNu20tJ87NKn3wi,0.005747,48,48,1,1,1,1
CvJ5DJ2gQPUjHu6xxh,0.002747,48,48,1,1,1,1
CypwK5LJBCBgTUf1i,10.019293,288,288,1,1,6,6
CZgW6X36shfYoKuyn6,0.002996,48,48,1,1,1,1
ClDa3V2Lp5Xc7hRYI4,0.083455,48,48,1,1,1,1
CegLpB4nEQo5QU98Fk,0.007495,48,48,1,1,1,1
C2EUuV1S9i3I38Luwe,0.006495,48,48,1,1,1,1
CLo5QTva8lFxDe6bf,0.074956,48,48,1,1,1,1
CmzGpg3YsMbX2GOuB,0.062214,48,48,1,1,1,1
Cbhchn1j2UYLhAXlej,0.003489,48,48,1,1,1,1
Cb83Tl1bqGeg9dNZM8,0.320328,48,48,1,1,1,1
CBHnWn2G7HxtQ6GNL9,0.01,48,48,1,1,1,1
Cwe2Fm3wQCcYHkvwJg,0.006237,48,48,1,1,1,1
CWAu9E4V8RWwHDzEQi,0.002749,48,48,1,1,1,1
CdK64a3AnjWdLMaQ03,0.058711,48,48,1,1,1,1
Ccxe6L1X58nIlkqu0d,0.002731,48,48,1,1,1,1
CiNJRy4GhKuuF49c6g,0.006745,48,48,1,1,1,1
C5AmqE4mNAGbRHPDTl,0.007995,48,48,1,1,1,1
CHfjXm34LctcmNti34,0.002495,48,48,1,1,1,1
CJxckxfHGVgEXnjhh,0.005746,48,48,1,1,1,1
CSycgh3SFn52mUFcj5,0.002245,48,48,1,1,1,1
CMCXvG4Phha9wReA1b,0.085203,48,48,1,1,1,1
CETz804IljBzWGpTak,0.007993,48,48,1,1,1,1
CvuRwyS3WB3Gn4nhi,0.006244,48,48,1,1,1,1
Csuclg1DEx5upBehfi,0.032984,48,48,1,1,1,1
Cns45k4IjJLrMw0heh,0.005744,48,48,1,1,1,1
CBb6cs3cnyJsCPPFgj,0.002497,48,48,1,1,1,1
CxxRM72ZFzDZTaoDs4,0.128185,48,48,1,1,1,1
C8J1Au2dpVrfCX9104,0.035474,48,48,1,1,1,1
CEnpRS2vwrAaacgpel,0.141427,48,48,1,1,1,1
CYNoRlqdxApOHym9g,0.002737,48,48,1,1,1,1
CYQix6FSHF4tQRV1j,0.00548,48,48,1,1,1,1
Chz63r2MNJC0uutEg5,0.078207,48,48,1,1,1,1
CsNOat2qAEJM0jAep2,0.072454,48,48,1,1,1,1
CYIXpA3jVsYkdjb4a8,0.047741,48,48,1,1,1,1
CSnERe2UB7C5qHwJcb,10.106525,288,288,1,1,6,6
CoG7bv2pBATtTnkc2b,0.006978,48,48,1,1,1,1
CDdA334aEeVSiAKNCb,0.003237,48,48,1,1,1,1
CEk7GRxV4iTNPKR1j,0.007226,48,48,1,1,1,1
C6sHYCZyZojP5P4v8,0.002742,48,48,1,1,1,1
CIBXO21ejH92bwN8jb,0.188646,48,48,1,1,1,1
CnWE7v2T2czweEd6k4,0.008244,48,48,1,1,1,1
CNYxqQ11o4KOJGcEs9,0.099439,48,48,1,1,1,1
Cv197KfSpLYihoWE7,0.002745,48,48,1,1,1,1
CxboWg3QLXQGPabM9e,0.031981,48,48,1,1,1,1
C1a70F1SsVLwuQf4l4,0.005996,48,48,1,1,1,1
C7srB64QpmHWPprsJa,0.128423,48,48,1,1,1,1
C5QsfD4qSgRyqMdbB3,0.028728,48,48,1,1,1,1
CyKPD21KuRB7Coj6xj,0.006243,48,48,1,1,1,1
CXZy2p1vxPc9hEXwfj,0.002746,48,48,1,1,1,1
CLoMMT1nZN2hkVp23,0.005741,48,48,1,1,1,1
C5Cetv4CMlkmLfcu3,0.002246,48,48,1,1,1,1
C4qoUr2ewCwDPPSrLg,0.002748,48,48,1,1,1,1
CetG1b1zpP7LQUdwk8,0.008227,48,48,1,1,1,1
CuJocK32dOm1Qa0Lcb,0.00623,48,48,1,1,1,1
C1Ikal15p8jIZe1Pta,0.018241,48,48,1,1,1,1
C6xnhH3q5xot4AwWPl,0.077954,48,48,1,1,1,1
CrD5dz17vU9aJNnoh,0.00323,48,48,1,1,1,1
Ca4LV64FLZEau23vWc,0.00273,48,48,1,1,1,1
CZ5cGQOWmiyEkhOPa,0.023736,48,48,1,1,1,1
CzTg6K31QfrQ7a2ITb,0.028983,48,48,1,1,1,1
CxE4km4an6gppA2fB4,0.002747,48,48,1,1,1,1
CxOX1r1g03TvRhTFS7,0.16066,48,48,1,1,1,1
CMGMve3OA5PJ84ieBk,0.076954,48,48,1,1,1,1
CwHVTA2E1F62K9dsDj,0.003247,48,48,1,1,1,1
CLE65t377UJrAqw7Mf,0.003743,48,48,1,1,1,1
CFUJz313SepdsUq3I,0.006746,48,48,1,1,1,1
CrpyG6et6ayvVAFwk,0.003493,48,48,1,1,1,1
Cn4SHf236zS13Iwwq1,0.006496,48,48,1,1,1,1
C8MYOR1sVJpklZd5J3,0.140438,48,48,1,1,1,1
CYQooj2wdLSZUGQyRe,0.002743,48,48,1,1,1,1
C0NORCQXMY9oNCpak,0.050721,48,48,1,1,1,1
CKO2kt3qPLJAnBNmv7,0.002747,48,48,1,1,1,1
CeU1WG1Df96tXXT679,0.003246,48,48,1,1,1,1
CKOWQq1wKvBsgtWLbl,0.002748,48,48,1,1,1,1
COfLWq23EQNphEMQJa,0.00273,48,48,1,1,1,1
CD9djx45ZQPP9Y1zjg,0.002737,48,48,1,1,1,1
CgRxId3mSmcSFTGUNh,0.149165,48,48,1,1,1,1
CKRjHBpqahVNRxNFb,0.002745,48,48,1,1,1,1
C32t5x22XXqt4XLXG1,0.002496,48,48,1,1,1,1
C1hMMV1GpbtCOAO2Mk,0.002495,48,48,1,1,1,1
CTooKs1Adba51z5vGb,0.050466,48,48,1,1,1,1
Cmflsq2FaceJvrbMZk,0.002994,48,48,1,1,1,1
CnQK5TYoLmtiHFhT6,0.002985,48,48,1,1,1,1
CJzv3XjRAd4wgyCq1,0.00573,48,48,1,1,1,1
C7BFre2sWU7y01UiLk,0.002996,48,48,1,1,1,1
CR52qu19H1S2fGpA3l,0.002745,48,48,1,1,1,1
CHkvGGCZgwLzPDWbc,0.002747,48,48,1,1,1,1
CGPDqo0t4O6PgZGjf,0.010242,48,48,1,1,1,1
CzDchp1fOVtrUFb491,0.002496,48,48,1,1,1,1
CqZZsVkQy2ld5Urp1,0.050471,48,48,1,1,1,1
CtpTFN39BTMUvHXm76,0.010512,48,48,1,1,1,1
CNraAW1lMUNE5RM6o4,0.002493,48,48,1,1,1,1
Cm41F82ybukyiml06,0.00323,48,48,1,1,1,1
CAD5PSvgDZkdcCMee,0.025976,48,48,1,1,1,1
CawLyvQqbWY8UpXIb,0.002493,48,48,1,1,1,1
CKTt741VkaLRcjoby8,0.002495,48,48,1,1,1,1
CKrwMV1XUzDAoWC9q7,0.305326,48,48,1,1,1,1
Cnicah402379kp67u2,0.021253,48,48,1,1,1,1
CPa8ww14R84GJQOFg,0.064216,48,48,1,1,1,1
C3tqJa3LQcuaTvWrSa,0.251117,48,48,1,1,1,1
CwMppz4btpbnVeQqrg,0.002491,48,48,1,1,1,1
C9vBWU2QDLe2kFc75e,0.003496,48,48,1,1,1,1
CSd1Qi1aeonTHjmTn2,0.002745,48,48,1,1,1,1
CsDWKo1PalMMAyEfJ,0.002996,48,48,1,1,1,1
CZHExt45blWiWEa93j,0.002746,48,48,1,1,1,1
CRDhLUg11LhGu2Dyf,0.002748,48,48,1,1,1,1
CY5c7b1aeJbpY4cSai,0.072717,48,48,1,1,1,1
CWujBh2WUovnlq3iR8,0.082453,48,48,1,1,1,1
CghPJn14DYKRadkJvk,0.003243,48,48,1,1,1,1
CsoUdtpx7Q4HjNkd3,0.29308,48,48,1,1,1,1
Cr5r0J14PGjkFlMIBf,0.013241,48,48,1,1,1,1
CIHhxq4IvrqlY8956l,0.003746,48,48,1,1,1,1
CeNssP1kbG8CFADmq3,0.002737,48,48,1,1,1,1
CQ70jI1ogjDxGV0Qdb,0.002986,48,48,1,1,1,1
Corb6j3Zt7WKYdrLfe,0.002739,48,48,1,1,1,1
CsqLa6P3DKwJV1wOb,0.010993,48,48,1,1,1,1
CCHR3fQt4Cj2wQZDf,0.013741,48,48,1,1,1,1
ChySsx159hrGWxpcpj,9.958068,288,288,1,1,6,6
CbAYDn06TZZKgFpUe,0.044724,48,48,1,1,1,1
CS36Da3tfbkPhytZ4h,0.031482,48,48,1,1,1,1
CHhAjO1DkgVulucCBa,0.002733,48,48,1,1,1,1
C3O5Hs1LqedAZr7o8l,0.002737,48,48,1,1,1,1
CPTTr04LwTvCPbDkK7,0.002732,48,48,1,1,1,1
CuUNGo1sf3FQPq4T0a,0.002995,48,48,1,1,1,1
CkLGwU3DLty35mRwS8,0.002992,48,48,1,1,1,1
C3Hqc21Glkrjhepat5,0.097444,48,48,1,1,1,1
CXglZG1YDoM6QoCoPa,0.002497,48,48,1,1,1,1
CtEShZ3zySthjkPzO6,0.187395,48,48,1,1,1,1
CmLVCpmB4JURIrhSd,0.002994,48,48,1,1,1,1
CvImOZ9WarsYBYJH3,0.002745,48,48,1,1,1,1
CaxB01QYwZS73irwa,0.002488,48,48,1,1,1,1
Cdndn2NJZlfedT3y9,0.002748,48,48,1,1,1,1
C34daf4evuWNw6Dwb,0.002748,48,48,1,1,1,1
Co7cpJwjit8IbY0Gi,0.077453,48,48,1,1,1,1
CKFJnYM04g7nwTNzf,0.010243,48,48,1,1,1,1
CDMU2EC7occCe1oCf,0.005743,48,48,1,1,1,1
CdMqdS1jzAxtv7R0Jg,0.002498,48,48,1,1,1,1
C3an7i2j23Ylw2oKVj,0.186646,48,48,1,1,1,1
CDJKPb3iPrZSJ1iKtd,0.225621,48,48,1,1,1,1
Cb9ynP22LsRx88r1w,0.004736,48,48,1,1,1,1
CJ7gG12WjgrqbdcGZ5,0.002729,48,48,1,1,1,1
CYxajb3Ugf2khzhNs1,0.002745,48,48,1,1,1,1
CrbUcZoqP61IEOW6f,0.187388,48,48,1,1,1,1
CQYqfb1NM2QjOGrvjl,0.002495,48,48,1,1,1,1
CqnCa324fYCKPHk081,0.030477,48,48,1,1,1,1
CkBlb12HFGhztMp1r9,0.002981,48,48,1,1,1,1
CnxuzN1yvH1rkuXe03,0.100944,48,48,1,1,1,1
CY1yg31GvpsDSaYKRb,0.013992,48,48,1,1,1,1
CWPzo83JeI4n9MLFP7,0.002746,48,48,1,1,1,1
Ct49rhn5qw0qORRf1,9.968313,288,288,1,1,6,6
CuiFcY11lUH3hBEGf9,0.002747,48,48,1,1,1,1
Ck22Lz15zcBnPJ27Sg,0.075965,48,48,1,1,1,1
COFVVt35T68Eygx6df,0.002745,48,48,1,1,1,1
CeNBXy17yF7fZRnEK1,0.007492,48,48,1,1,1,1
CORxKz2scuPoqrdT57,0.002747,48,48,1,1,1,1
CTpX1E3GYsN3dTcg67,0.060975,48,48,1,1,1,1
CLIoZH3ZJRbQVwRGac,0.061216,48,48,1,1,1,1
CfQYFw3RCX4bIBQFdh,0.002995,48,48,1,1,1,1
CvIVan1uAYfXZWX5Cl,0.142171,48,48,1,1,1,1
C0X18XJk9Ym6x3xS3,0.188887,48,48,1,1,1,1
CrkkCU1zrKRDXeE9qj,0.038229,48,48,1,1,1,1
C73RMo4c6N10MAsWA9,0.002738,48,48,1,1,1,1
Cmh9LE3L3asypnCK05,0.002731,48,48,1,1,1,1
CtDUXC1uOUrDG19IW1,0.002988,48,48,1,1,1,1
CBbYLX3AvRfxjfGlJ2,0.050718,48,48,1,1,1,1
CCJNMD4dtup9GKWfS9,0.002736,48,48,1,1,1,1
CMX8HN3zK0DpPwySQh,0.002748,48,48,1,1,1,1
CTTHkp2nhnKWCuCu89,0.004245,48,48,1,1,1,1
Ci7TSQ2eF7SU1CACN6,10.00304,288,288,1,1,6,6
CsxiW011w9F4z8Zns,0.006491,48,48,1,1,1,1
CxTpYk4X4vY4jPH24e,0.079706,48,48,1,1,1,1
CApPPD4RBJ7HFtROK7,0.002746,48,48,1,1,1,1
CxhUf33rnL1PclCXSa,0.002751,48,48,1,1,1,1
CsFfhgxhWXs1HGmng,0.076203,48,48,1,1,1,1
ChDjop38UNhSag5AE6,0.030984,48,48,1,1,1,1
C5HI9B1NUshl1w5HUi,0.006994,48,48,1,1,1,1
C2HGCvQBEK4KNRDD2,0.049721,48,48,1,1,1,1
Cf5Cf04020Iiqatckc,0.002746,48,48,1,1,1,1
CnKaG8HmbCyoBOtOh,0.002747,48,48,1,1,1,1
CscM3s4xlo4jsSBBc4,0.002745,48,48,1,1,1,1
CgkiJ54EgT6JfALun,0.002497,48,48,1,1,1,1
CCmHvlM3soEFCLWMa,0.012751,48,48,1,1,1,1
Cygkj45pqUrgAEs33,0.004996,48,48,1,1,1,1
CBCz6Jt0QGcF2y4dd,0.002745,48,48,1,1,1,1
CRjAu93wgq1kWZvpIh,0.016989,48,48,1,1,1,1
CpEOyf2BndHaAdYSbb,0.005997,48,48,1,1,1,1
CqEJg8MiWANhWPj4a,0.003749,48,48,1,1,1,1
CNuPPg3mSGqBmGo2Ff,0.040223,48,48,1,1,1,1
Czhed6xsAmxAkIm23,0.012238,48,48,1,1,1,1
C4a3zC1V1QvHBL5v29,0.002487,48,48,1,1,1,1
CQO3Pl3nUnbhKeXZgh,0.002745,48,48,1,1,1,1
CkOAbbaZtoTWyyUhj,0.005737,48,48,1,1,1,1
CxKnhm1aVvwHJk15bg,0.004231,48,48,1,1,1,1
C1RSjU3c0RlJ11ls77,9.969813,288,288,1,1,6,6
CkNWIz34RXHId9ozf,0.002746,48,48,1,1,1,1
CgSJpP32fbpJjbwgDg,0.002738,48,48,1,1,1,1
CdY4US3pnSlpk0iYye,0.003245,48,48,1,1,1,1
CH10CuhQ5l6KVlXNl,0.11794,48,48,1,1,1,1
C80EF52vnv4gl9PU4e,0.018987,48,48,1,1,1,1
CUPBxK57ny7scwgcc,0.006731,48,48,1,1,1,1
CZrZmb1FDrLUcGgj8,0.003248,48,48,1,1,1,1
C7kjxv3C7viqjHrR1h,0.060217,48,48,1,1,1,1
CrxX8K1XTDe1pAPl8g,0.003246,48,48,1,1,1,1
CGyLyXUTroyJ7oZL9,0.029232,48,48,1,1,1,1
Cp0p994syU3cNZnq43,0.082948,48,48,1,1,1,1
CNQmIc1HEE6fPm3iKa,0.005246,48,48,1,1,1,1
CGhYH7tyqYGbQhnzj,0.002745,48,48,1,1,1,1
C1AZuL1YLaLdN5SnDc,0.136922,48,48,1,1,1,1
CXRWyF2160CZBImB51,0.002988,48,48,1,1,1,1
CBFrIA3dI6CdzDrref,0.07496,48,48,1,1,1,1
CLti3l4tbwLS3ypeBk,0.002746,48,48,1,1,1,1
CgRfuf2fUpb2l5b45a,0.060964,48,48,1,1,1,1
CBtYr41QEmEMdJMnKa,9.966559,288,288,1,1,6,6
C2Ox0s3EdgNVVA68lk,0.011494,48,48,1,1,1,1
CQqbVb3wzfO5YhXZlb,0.002994,48,48,1,1,1,1
CciAf221UmHzKLglI8,0.002496,48,48,1,1,1,1
CU8C8E14WALZiKVBYf,0.046974,48,48,1,1,1,1
CoNXbQ3yLqezmPfgf1,0.002987,48,48,1,1,1,1
C6JCgu2UTFi77rDnKh,0.004486,48,48,1,1,1,1
CQVKl93GdXjt5PcYsd,0.005236,48,48,1,1,1,1
CWy2vTubyp9OIBYSc,0.003496,48,48,1,1,1,1
CH8Hes2vHTHvfPFk6,0.017239,48,48,1,1,1,1
Ct88hc1h2Elry6Cgjg,0.050722,48,48,1,1,1,1
ClhV4mIdtDtMVY30c,0.089456,48,48,1,1,1,1
CHCFNFTL1GlDBR1Zk,0.03598,48,48,1,1,1,1
C2qD893wooi0nQvK7k,0.002996,48,48,1,1,1,1
CiqJtC3lqL34Nb9J8h,0.003732,48,48,1,1,1,1
CnpTgF38R8p7KcxVF,0.005752,48,48,1,1,1,1
Cd7HiR3R0qkdtjHta7,0.009978,48,48,1,1,1,1
Ck4zBV7kLyVaeNM92,0.021737,48,48,1,1,1,1
CsRqtO3Hsprhq7xtz2,0.002996,48,48,1,1,1,1
CZA9OG29rpxcZuSyva,0.002745,48,48,1,1,1,1
CA7Z2Q116buWLNoJUl,0.002996,48,48,1,1,1,1
CVRdptpDOsBwcpuOg,0.012498,48,48,1,1,1,1
CofhAu4C5P5iLYJc5i,0.002747,48,48,1,1,1,1
C9xgju3ee97efagRug,0.019232,48,48,1,1,1,1
C2rBxI6MbVDd1DXp3,0.004245,48,48,1,1,1,1
CnNlER27psN4edeBsc,0.002497,48,48,1,1,1,1
CPN0Vk4EMEXzWdCdCi,0.003497,48,48,1,1,1,1
CUi7X61V72Q0fTEi93,0.002995,48,48,1,1,1,1
CTs1MQ2p3DyCMYw9n8,0.027735,48,48,1,1,1,1
CrxBZS3skjNxIzQG0b,0.048466,48,48,1,1,1,1
C0YiEp2umy2RFt2RZ5,0.002741,48,48,1,1,1,1
CSCVgV2EVMKvfK3Bf8,0.040226,48,48,1,1,1,1
CPAfbv2khzTV11JrPc,0.003735,48,48,1,1,1,1
CBPYNZ24MC511lVMJi,0.013743,48,48,1,1,1,1
C9jpMgGOVrygqELOa,0.12868,48,48,1,1,1,1
CKpCBq4GyNbMc1cgq5,0.002996,48,48,1,1,1,1
CxDniunOzyzFGtQL7,0.003497,48,48,1,1,1,1
CAjEaz27ryPM9qBONa,0.002988,48,48,1,1,1,1
CfEHTl2F7rwQpuJWwl,0.006485,48,48,1,1,1,1
CIU0bH0v60cIkCZZ5,0.003733,48,48,1,1,1,1
C9jXY6qKXHnUHklZ2,0.044219,48,48,1,1,1,1
CsSbUsnK8OlBdu9q3,0.003748,48,48,1,1,1,1
CbNrmN4giSSO8Gm3k,0.033226,48,48,1,1,1,1
CD1vL83HhNHrSrp2T,0.035224,48,48,1,1,1,1
CSlHwi1vgc4F6YmO5g,0.013991,48,48,1,1,1,1
CgeYng2D5kBXkZhHVa,0.038477,48,48,1,1,1,1
C42vWK3sAD7G0GUEIb,0.002732,48,48,1,1,1,1
CiRYpAQccNvpYDth,0.028968,48,48,1,1,1,1
CmYcFR1znyb3kW9li6,0.012986,48,48,1,1,1,1
CgObuYtV6qRyZjvO2,0.002999,48,48,1,1,1,1
C6kRrrdI6e5mMwfxf,0.002996,48,48,1,1,1,1
CoRUGd3CX0J735Gc19,0.002747,48,48,1,1,1,1
ChNCeo1BKfqdhtEhZ5,0.003746,48,48,1,1,1,1
CJ2CB31BIu32f1O3I3,0.05122,48,48,1,1,1,1
CDAohc2HRhVlQ5p8kh,0.057968,48,48,1,1,1,1
Ct8rjk33SbpaxljFGi,0.027482,48,48,1,1,1,1
CqAZKL2HMRGEbaVl8a,0.006481,48,48,1,1,1,1
CG5WwC3vhrjNeLan9i,0.002731,48,48,1,1,1,1
C2xhhmY5R7gVNvsBe,0.041969,48,48,1,1,1,1
CLuA8N3KaHVy771Jn1,0.014491,48,48,1,1,1,1
CdzO3n0iZIWsq2xPd,0.232362,48,48,1,1,1,1
Cu6pPX3SPTh1M5lirf,0.002497,48,48,1,1,1,1
CPwPc7x3RBgupnLKb,0.04072,48,48,1,1,1,1
CCmNxz4U9eswPhaIrk,0.002732,48,48,1,1,1,1
ClBBGL2H4hqOCL5mQe,0.002986,48,48,1,1,1,1
C7lIpE4pURRCKfue29,0.04922,48,48,1,1,1,1
CiyC2A4zYVpflJLiN7,0.006485,48,48,1,1,1,1
C4Kow43U9w5nhAb6W6,0.002997,48,48,1,1,1,1
C4h32pTvOxT4wIjYh,0.031234,48,48,1,1,1,1
CdfFRGfbzAsop7Fvb,0.046717,48,48,1,1,1,1
C604ousj9hIg6TB6,0.010243,48,48,1,1,1,1
CZkyqMBwre2vef6e1,0.011242,48,48,1,1,1,1
CmaWap1VhryXATuaR8,0.040225,48,48,1,1,1,1
ClQUOmxTgtlci9ZIh,0.052969,48,48,1,1,1,1
COdOsv2RitahQbRMj6,0.002747,48,48,1,1,1,1
CatNoV11Gl8kHWqREh,0.007995,48,48,1,1,1,1
CAAYBR3iqkecPNJm45,0.006744,48,48,1,1,1,1
CDoB8u4CYuosw1fyx8,0.085198,48,48,1,1,1,1
CqT1ex2EIPC5zXjFol,0.003497,48,48,1,1,1,1
CIGN3f3OCI4b2Dak31,0.039479,48,48,1,1,1,1
CnOMSV2qIhFZ92pnjj,0.04147,48,48,1,1,1,1
CY5KMST7Ua2MoH169,0.053219,48,48,1,1,1,1
CF94rq3K3rUizfHbzk,0.00298,48,48,1,1,1,1
C2J6VA0TNO5mDcwI7,0.002732,48,48,1,1,1,1
CtwX36aaGLUMFaOS8,0.002482,48,48,1,1,1,1
CCRrss4AsrEqsa17ul,0.124437,48,48,1,1,1,1
CjoH4q3axl8eF0Pkpg,0.090449,48,48,1,1,1,1
CM7RkE4jRBRp3fhBd1,0.137675,48,48,1,1,1,1
CWLNpbDXQTWCvIEWj,0.118432,48,48,1,1,1,1
CzkJeN3xW1j3YPzDOi,0.003496,48,48,1,1,1,1
C87ZBbLZgBEnbbY6e,0.033228,48,48,1,1,1,1
C3ECLpNSMlGaA4Rxi,0.006495,48,48,1,1,1,1
C0kJ3FSktwzeX5rea,0.003494,48,48,1,1,1,1
CZ6LLO2zV7qSUJffQh,0.014992,48,48,1,1,1,1
CYaKcv2I9jT41dlPU1,0.002246,48,48,1,1,1,1
CHV6zMDGiSIMnHMhk,0.006245,48,48,1,1,1,1
CMTEHNE8hrPcjpnI2,0.002745,48,48,1,1,1,1
CFSVJ42MpL4ntYSHm,0.007983,48,48,1,1,1,1
CqCcnH36669OpLBPd7,0.028966,48,48,1,1,1,1
CS60O41O1f2r9mEiq3,0.002496,48,48,1,1,1,1
CVByCn1V7ON8v2EAK1,0.003997,48,48,1,1,1,1
CtfCRa41QmVvrnxwm2,0.002746,48,48,1,1,1,1
C8JdSbkNby25GopYj,10.020288,288,288,1,1,6,6
Cvim7f2zaUVXknssu9,0.002746,48,48,1,1,1,1
Cv7nDW1hLFU6reEcDk,0.021736,48,48,1,1,1,1
C4b6FP2DZkwHQLlUxj,0.002497,48,48,1,1,1,1
CYwccT2fgyHnpyz6a,0.019238,48,48,1,1,1,1
C6vqto1ri0F5Xlw0b1,0.002482,48,48,1,1,1,1
CRLNRzJwg8hFXuC5e,0.003482,48,48,1,1,1,1
CguC7w4GV0PCGavCAl,0.030223,48,48,1,1,1,1
CkZoZj1ebutwQjQXy3,0.002251,48,48,1,1,1,1
CUg1po2UlXDVG6XuU9,0.00651,48,48,1,1,1,1
CwvZi1y62doriAUqh,0.033231,48,48,1,1,1,1
ChLleN24lDrJOie5x1,0.002981,48,48,1,1,1,1
CuUk5tW7WeTVvoJke,0.011488,48,48,1,1,1,1
C7ZOgm4F3RcHagqC8k,0.006495,48,48,1,1,1,1
Cyr6Su1oH35fRZaPcd,0.076456,48,48,1,1,1,1
C9Ol9t4SV277fXYSdl,0.002248,48,48,1,1,1,1
CxA5DQ2MIqkkK0Fphk,0.041726,48,48,1,1,1,1
CQ92mRI6aTl1fNdi4,0.005996,48,48,1,1,1,1
CnR5zwDDf4c2yEdIb,0.002996,48,48,1,1,1,1
CqkOz5QjMfKpavNll,0.002745,48,48,1,1,1,1
CqHSSY4Sz4iOSbt29,66.008377,336,336,1,1,7,7
CLAp6A1Hl0sduDmGi4,0.062731,48,48,1,1,1,1
CikdFD4r6vGNkUvC8l,0.023985,48,48,1,1,1,1
CTFL479nls7b8EQY1,0.002245,48,48,1,1,1,1
CVkfSr1ySMd6XtsOh3,0.028479,48,48,1,1,1,1
CjshB34paLSwcVqvg8,0.024486,48,48,1,1,1,1
CkLjy922J8udDMfdN8,0.005981,48,48,1,1,1,1
CvUX5t2cBlAT8S5qdi,0.002496,48,48,1,1,1,1
CrkqeL1nb0cpxY9lif,0.034993,48,48,1,1,1,1
CjT3nv3aLmj7n927Z8,0.006499,48,48,1,1,1,1
C7ar7Hzn2x4jJng9d,0.003746,48,48,1,1,1,1
Cufxrz2vUQUfK98tbg,0.006494,48,48,1,1,1,1
C6F1EdyACGUFI3utk,0.076206,48,48,1,1,1,1
C5IFuc1360WiYd00Yl,0.11394,48,48,1,1,1,1
CaqEfB2xq5jDDOO9lg,0.005747,48,48,1,1,1,1
Cn4LKl2AARsFOb9tuf,0.034477,48,48,1,1,1,1
CVX97N1i7AFI4W0AYc,0.01449,48,48,1,1,1,1
CFywKVrf3YioYqUCl,0.007995,48,48,1,1,1,1
C0AatT1xQfVv5skY6h,0.002743,48,48,1,1,1,1
COBg6y2EFYXG2zc5hl,0.006495,48,48,1,1,1,1
CC2rm62SnqohRXWuWa,0.002745,48,48,1,1,1,1
CLs4JR1vN22vAmkjF6,0.00824,48,48,1,1,1,1
CoUkli3uZxbCWYUOvc,0.002246,48,48,1,1,1,1
Ctz16k2tkgWqPkKOe,0.055968,48,48,1,1,1,1
CInpVH2scvyXuFN7h1,0.002746,48,48,1,1,1,1
CZe8Bk48KmBMZkLOj,0.009741,48,48,1,1,1,1
CKmpX03VHGId1aDhx9,0.047475,48,48,1,1,1,1
CD5GDQ1QC3tZG94my7,0.007994,48,48,1,1,1,1
Cu65644sPbhjG1FWX5,0.004746,48,48,1,1,1,1
Cx4deF4ebrGMPKgvA1,0.037722,48,48,1,1,1,1
CB2i9U8aTsjuviaAl,0.002479,48,48,1,1,1,1
CXMBGov00cQ2gpQxc,0.006008,48,48,1,1,1,1
CKhuA622BvzrBwheq2,0.006978,48,48,1,1,1,1
CZKAO3P9IrOhHX25b,0.012737,48,48,1,1,1,1
CPH5ZQ34ljkJh6tE4e,0.008242,48,48,1,1,1,1
C2vEuf1ApwsOFXkgjl,0.005999,48,48,1,1,1,1
ChmypqxBeafDWMO3l,0.002986,48,48,1,1,1,1
COsYFR3oIZuqtTHm6d,0.022491,48,48,1,1,1,1
CfOf9H2xPDEIbzSG8a,0.002493,48,48,1,1,1,1
Cacurb3G2fH2oBMUm5,0.007243,48,48,1,1,1,1
Ctsk0wM9oBQuBWqHc,0.002743,48,48,1,1,1,1
CXo9ns30Zbp3kuNNQ8,0.018483,48,48,1,1,1,1
CR7Xsi2fwawdb4x195,0.002496,48,48,1,1,1,1
CKm2ae4GmfjQMP0zHh,0.005744,48,48,1,1,1,1
CLiiFW3Co4YpHnRMVi,0.002747,48,48,1,1,1,1
Cy9udb3HcmrVk2ADSj,0.007745,48,48,1,1,1,1
C8at982d5yJKUIjN3d,0.002495,48,48,1,1,1,1
Ctx7fa4u2MuwIWb7Gg,0.002994,48,48,1,1,1,1
C8GMZLPSxx0yW5God,0.007744,48,48,1,1,1,1
Cm5sc44pOimtUxHlF2,0.005247,48,48,1,1,1,1
CHJm083BuDOf1kBdsc,0.008241,48,48,1,1,1,1
CKa1dp360EUTF19Xk,0.002745,48,48,1,1,1,1
CIut461r3lx4buTdR1,0.047717,48,48,1,1,1,1
CAWLGp1xFXZpvDv7xk,0.006979,48,48,1,1,1,1
CBOqQN3mfzSfYZOuW1,0.002732,48,48,1,1,1,1
C24XNe1o0kwFk7BCne,0.199149,48,48,1,1,1,1
Ce7flC1aekmIS5hTxa,0.00398,48,48,1,1,1,1
CG7Twd49tNmp8dQyK3,0.03298,48,48,1,1,1,1
CHIAIk3UXZUW3Uc9cj,0.022237,48,48,1,1,1,1
CUprJ31xdhCwYvOkba,0.003751,48,48,1,1,1,1
C0MFBo1wQd0TvBnAie,0.008247,48,48,1,1,1,1
CQjeju2zcXXmn2HZka,0.157906,48,48,1,1,1,1
C0inNp3anHbEphjBKj,0.002997,48,48,1,1,1,1
CdsUKuRINCBCLxpkb,0.034225,48,48,1,1,1,1
CeVQPC1vWv14rMt31d,0.099439,48,48,1,1,1,1
C2lWa11qfyQN9SQIS,0.002739,48,48,1,1,1,1
CqIQHR2zffs60Uotpk,0.000483,45,45,1,1,1,1
C8ix3NEWGw76qKWD7,5.005391,78,0,0,0,2,0
CZtilz1VsSs6oBV20g,0.0005,45,45,1,1,1,1
CiUm6Z19aeLsBBgWd7,5.028617,78,103,1,1,2,1
Ca6z2U3NzLVvVi8myb,0.007733,48,48,1,1,1,1
COd6bX2SRAks61qQ37,0.000494,45,45,1,1,1,1
CVNxWw4HcuSnO1UUac,5.005395,78,0,0,0,2,0
Cz1qvb2gKDU9MV6Ct5,0.0005,45,45,1,1,1,1
CZbp5a2z72iSNTkx24,0.00323,48,48,1,1,1,1
CxjLYX2z7JmLFfL1Il,0.006245,45,45,1,1,1,1
COgjxo3wpxyfD5073c,5.000915,78,0,0,0,2,0
Cc73032DstYAiGUjah,0.00075,45,45,1,1,1,1
CBgThk1wZPDB9SeXk3,0.001982,48,48,1,1,1,1
CyXTybZZAhJFD9kyb,5.040626,78,103,1,1,2,1
C3KW134bSnlVKggbJ8,0.002984,48,48,1,1,1,1
CjKE9FlXZyORpeW68,5.005401,78,0,0,0,2,0
CRP9KQ3qlBtGQ8KXz4,0.008746,45,45,1,1,1,1
CNLITR34HKxNZBvNUa,0.020738,45,45,1,1,1,1
CI9MIm1GBazy5A8O5c,0.060463,39,103,1,1,1,1
CMC2gkfDKaNRgT0ed,42.999998,96,0,0,0,2,0
C5soPj4Pjn1sbXWhx8,0.000746,39,103,1,1,1,1
Cd3GpF22VlXggOEgs8,0.091198,39,94,1,1,1,1
CLLnZQ2anKNId9HMhi,0.013241,48,48,1,1,1,1
CvaVHC1OO1EHzv4c1c,5.03688,78,103,1,1,2,1
Csc6Ja20E9YNlRPbe5,0.002746,48,48,1,1,1,1
CGmhcN32jxlw84jvJ8,0.027484,48,48,1,1,1,1
COJgGJqr7AYabXCW9,0.002745,48,48,1,1,1,1
CjW7EHePOiDITAHU9,47.987634,96,0,0,0,2,0
CQmQwE3PJddNXi7Bkj,0.020736,45,45,1,1,1,1
Cp7lGpsHB1J6AIih,5.005393,78,0,0,0,2,0
C1q9od4HEAoQJxROl1,0.002004,45,45,1,1,1,1
CcJWkm3mtRmoHHoJdd,0.01074,48,48,1,1,1,1
Cxt6gX2a4tQtfuECV5,0.013737,48,48,1,1,1,1
CiRqX924tSSa338wWg,0.019738,45,45,1,1,1,1
CTlS8RcRq73pFkDUh,5.005393,78,0,0,0,2,0
CPI8aB2abh3ocz75U5,0.008495,45,45,1,1,1,1
CWXz133LTDieA7CeZd,5.033627,78,103,1,1,2,1
CTdziy21fSKmWJFKF1,0.002997,48,48,1,1,1,1
CWAEz31uhdddetCLkj,0.024235,45,45,1,1,1,1
C3u9AV282wwUT9UlA2,5.000891,78,0,0,0,2,0
C6QkrE33LBbUAxDo1e,0.031243,45,45,1,1,1,1
CyXpra3VEYrc15Bnm8,0.015729,45,45,1,1,1,1
CiqoCPwBfDB9MnaZ,5.00091,78,0,0,0,2,0
CV1XeZ1GdZocCInO4i,0.105199,45,45,1,1,1,1
CyrEY63lBfeNtChz4i,0.007993,48,48,1,1,1,1
CZSCbb3i4tGZEEGgLa,0.007008,45,45,1,1,1,1
CXmyjx38IrznUZn5Kf,5.00114,78,0,0,0,2,0
CGE6404Q9hOmP6KoA9,0.000497,45,45,1,1,1,1
CKmfwY1o0BXPK1AFUl,0.002987,48,48,1,1,1,1
C4Hq5KL3KPhQ62uP7,5.039612,78,103,1,1,2,1
CN7zJL27vr914IJGV,5.053603,78,103,1,1,2,1
CaenVu3QK3sczicCPh,0.0005,39,39,1,1,1,1
C6utak14kwdx0ToUsa,69.989844,384,384,1,1,8,8
CSDhqo3nUBYwuvCiB3,0.000487,45,45,1,1,1,1
CVxGym2I7CNt5QSP93,5.001135,78,0,0,0,2,0
CKVucQ3hRXrzIxvI3c,0.00075,45,45,1,1,1,1
Cwfn5b4ZZ8ap1MsJeh,0.002733,48,48,1,1,1,1
CO44rB2lCMNFuRaF0b,24.012311,96,0,0,0,2,0
CStQxN1pIuMUjr0wI,0.013984,48,48,1,1,1,1
CvQYA94IKESCl20xaj,0.007993,48,48,1,1,1,1
CdYmNy4nAev9pJlDgh,0.072202,48,48,1,1,1,1
CGijCQ3u1twwxX7Z6,9.967815,288,288,1,1,6,6
CKsVwk3CQM42qK5YLj,0.058716,48,48,1,1,1,1
Ce9B6t2GVMk3aa1KZ7,0.002246,48,48,1,1,1,1
CiXt8y4hAC1KUoWHB5,0.034475,48,48,1,1,1,1
CHOS48PRbos9MHpSf,0.002996,48,48,1,1,1,1
CirEUo45a3lZMhd6p5,0.006745,48,48,1,1,1,1
CeHV2gdiLvx3IyfA6,0.003247,48,48,1,1,1,1
CWM8oA1m3wG4WUaX5,0.002745,48,48,1,1,1,1
CNnHC239O5X7zvQUo8,0.008244,48,48,1,1,1,1
Cd2rUa4UGbnO46d0Q2,0.089944,48,48,1,1,1,1
CbZXBtPBGCUUCmaC8,0.006495,48,48,1,1,1,1
CDhdAH2sIfuX2CS598,0.003238,48,48,1,1,1,1
C5dYXo25Q7yAZaVAIc,0.002495,48,48,1,1,1,1
C67vwR2zcxPItNYatl,0.015224,48,48,1,1,1,1
Cd5bU033AEF0Ns6lm1,0.002495,48,48,1,1,1,1
CaVT453XOp9MLJDBY2,0.006984,48,48,1,1,1,1
CHc73B1nTJu6IPRUbd,0.002983,48,48,1,1,1,1
CITa314FZKquFNAbgd,0.080957,48,48,1,1,1,1
CT9aJc16iOboEX17J8,0.007983,48,48,1,1,1,1
CYbeti31XrdMPpvJb8,0.015743,48,48,1,1,1,1
CBQFEOh0rDQyw7ZCi,0.006237,48,48,1,1,1,1
CpIWHWvbFGbIo3eg9,0.002495,48,48,1,1,1,1
C0zoFUvNtylQBiom3,0.002495,48,48,1,1,1,1
Cw5Ipa2YOfjaLbkP5i,0.007993,48,48,1,1,1,1
C5CpLd3Z9YnqB50n18,0.070205,48,48,1,1,1,1
Cjg5Hm2oH8tLLou7vj,0.006244,48,48,1,1,1,1
CCz0Hr2BGNRjbgLPo6,0.01849,48,48,1,1,1,1
CtFIWv18pMJxY6mbci,0.021737,48,48,1,1,1,1
C8573S3DnBuXAksmr7,0.01049,48,48,1,1,1,1
CGQSZoS81EbnRJH42,0.002742,48,48,1,1,1,1
Cf0ONt1pY1liMmNrKf,0.006242,48,48,1,1,1,1
CHnKLv1iMaUsHrJ7lh,0.23836,48,48,1,1,1,1
CTdaRveGgNvtNZLP7,0.127431,48,48,1,1,1,1
CXzlGr2qeisoaJUXhb,0.008004,48,48,1,1,1,1
CmsdHQ3OLvnIP6VMt5,0.003005,48,48,1,1,1,1
CHPmcj3Nuy2SLMDive,0.00624,48,48,1,1,1,1
CtuEHf3YZ9OxhHumh,0.107449,48,48,1,1,1,1
CewaP14QFSBnuWEiDc,0.004243,48,48,1,1,1,1
CgyR0u39OMN5EE5qs,0.004244,48,48,1,1,1,1
CUUJBu3GOuRVldhjHk,0.06846,48,48,1,1,1,1
CpVFhG1mEWJ5Bvu2G4,0.022989,48,48,1,1,1,1
CXCAvg2ZZpaMbtRWq7,0.003249,48,48,1,1,1,1
CHpvx91y1WimgdtVn5,0.002498,48,48,1,1,1,1
CesHvSjAXWnRAdphh,0.121191,48,48,1,1,1,1
CqLxxv15QGrRKzRJRb,0.157409,48,48,1,1,1,1
CVZhWxhMdiADLNCP9,10.037775,288,288,1,1,6,6
CxXL3NsszaS0xC4L9,0.022741,48,48,1,1,1,1
CzOwmN2xHZGhYPzsL7,0.022237,48,48,1,1,1,1
Cw6HEe4mTGu3uXbtSg,0.003239,48,48,1,1,1,1
CtCXJ92tdTrU5IvwM7,0.021482,48,48,1,1,1,1
CZuKSv3HaBfdquRnq5,0.002747,48,48,1,1,1,1
CGZo0i1mSbjReRodg5,0.166407,48,48,1,1,1,1
Cr33ce1cvVLCGPOkp8,0.002496,48,48,1,1,1,1
CCx1cfa9yOHmoUYBh,10.034775,288,288,1,1,6,6
CVpDj94VyEUtrhlRQb,0.096943,48,48,1,1,1,1
CNtsoR3KFgzfw53ZT1,0.004491,48,48,1,1,1,1
CPJiZp2lBj4HByturk,0.070212,48,48,1,1,1,1
CRe6952Hq83qvpvNo3,0.00277,48,48,1,1,1,1
Cw7VUx1ncdHnkEqNIj,0.002748,48,48,1,1,1,1
ClQJ14CTHoRFtLTdd,0.002745,48,48,1,1,1,1
CYrzHy2dLL3EzA5Wgi,0.011242,48,48,1,1,1,1
CmgBuz3cNJwArllCA3,0.110438,48,48,1,1,1,1
CuUtRJ1v4eXpur2NG9,0.024237,48,48,1,1,1,1
CmNdFl4wTjIf2QcwK2,0.140421,48,48,1,1,1,1
CIERaD3ZuOPo8yBrRi,0.003482,48,48,1,1,1,1
CULpPa4K4ldSNuK5O9,0.002731,48,48,1,1,1,1
CKX49Uhgn904nX131,0.002746,48,48,1,1,1,1
Cw8ugu2hbQxs8L6EN9,0.157407,48,48,1,1,1,1
CFUI6J3yTsLVy37dTe,0.029487,48,48,1,1,1,1
Ckniac1pRCmHxdtUza,0.002746,48,48,1,1,1,1
Cs7X8A1v0mNGwgIMMe,0.00273,48,48,1,1,1,1
Cmw3RK3vahQNVOfFsl,0.002749,48,48,1,1,1,1
CUr6xk1Nk5pkB9pyk2,0.002731,48,48,1,1,1,1
CucNtt43q1jpnsAvgc,0.002747,48,48,1,1,1,1
CHhMRl3hiShPCiYJqc,0.002495,48,48,1,1,1,1
CKPwyu3YtCQdC3u1v6,0.002997,48,48,1,1,1,1
CDkqvt1SJ3JorvksJh,0.052219,48,48,1,1,1,1
C2UTNCGi7PE599rn4,0.002747,48,48,1,1,1,1
ClIWdl2JnwnF9FKQAe,0.002737,48,48,1,1,1,1
CblCZw1Dcip15uc0Mj,0.038227,48,48,1,1,1,1
CG3ahk4tTWqrVvyAdd,0.003245,48,48,1,1,1,1
Cx8tdx2FfU2O6Vl44,0.42475,48,48,1,1,1,1
CXAkaPnfXW4ClwIn5,0.002744,48,48,1,1,1,1
CPyt581zW3qUCyygfc,0.002746,48,48,1,1,1,1
Cw1voj2a0GXAbsYoJ,0.002996,48,48,1,1,1,1
C9mCVw1aUYp8aZszz3,0.135685,48,48,1,1,1,1
CKEChO4fH4wglpU0f,0.092445,48,48,1,1,1,1
CeAptB3FwHczvSqlv1,0.050216,48,48,1,1,1,1
CR60ov1yna2xpDcFE7,0.002745,48,48,1,1,1,1
CH8H2f3L8oSK99Gnn3,0.05172,48,48,1,1,1,1
CED6oSxLcKk68K5ei,0.002746,48,48,1,1,1,1
C8ObjLfuVH34lhrZ9,0.002994,48,48,1,1,1,1
CwQcucKY3hXKsqcV7,0.002731,48,48,1,1,1,1
CDB8Hw1rxEpoVPyr2c,0.002986,48,48,1,1,1,1
CNYXnX2oKWNadUgtE2,0.038243,48,48,1,1,1,1
Cfnqie3TYS92Nx9zNc,0.002746,48,48,1,1,1,1
C95OdJ3u299SaC8oR9,0.002497,48,48,1,1,1,1
ClyQjX7osm8pfCSV6,0.20163,48,48,1,1,1,1
Cqnmqz1dXWxRG9v9g4,0.045719,48,48,1,1,1,1
Co7B3z1YMHZivf8YI6,0.002746,48,48,1,1,1,1
CbwXds4kIgbRG8Lqm8,0.03398,48,48,1,1,1,1
CneSAF1hw8PsYqgjVk,0.002731,48,48,1,1,1,1
CfkAGN3mSOve4vPTSb,0.002991,48,48,1,1,1,1
CU6uBaWL8mm02LZi9,0.047468,48,48,1,1,1,1
CkXQrH2bHbYhdqHFB1,0.002745,48,48,1,1,1,1
Cahp7w251sYHm6wSrg,0.141668,48,48,1,1,1,1
CvdPXx40WYSKIQzVF8,0.002747,48,48,1,1,1,1
CWjr4y4hGYvwWslOVb,0.002982,48,48,1,1,1,1
CSMSzh2S8GuEkHz2b2,0.002736,48,48,1,1,1,1
C1Cxa32a91PHHio1xh,0.004486,48,48,1,1,1,1
CEpjwX2l0ALQYcBcUj,0.002497,48,48,1,1,1,1
CMw7sN28v9eqitJrhh,0.002742,48,48,1,1,1,1
CjZXrt1TeptIZExxr2,0.068462,48,48,1,1,1,1
CvHZi849cePc0Wi1P5,0.002741,48,48,1,1,1,1
C2QsWuzzrqjodJyZ1,0.002732,48,48,1,1,1,1
CMPXQ03pc5T4GmJV11,0.041972,48,48,1,1,1,1
ChScGPFOjCuMnTc3,0.006731,48,48,1,1,1,1
CX2bnX1YwbgspTcn86,9.970058,288,288,1,1,6,6
CQ1pG43NgdJWaTuft2,0.002743,48,48,1,1,1,1
CkxzPK1kSrynYhUX9g,0.002996,48,48,1,1,1,1
C7BOUe49Wy59Z1LGn5,0.006243,48,48,1,1,1,1
CAydWK32fQ0qkpd7r,0.086202,48,48,1,1,1,1
CLcohH2ZlEDfctkAqa,0.005995,48,48,1,1,1,1
Cvpfsa1fPAe1z3zwr5,0.147916,48,48,1,1,1,1
C4RWzp3zVIqe5RLsRj,0.00274,48,48,1,1,1,1
CuWbVm3CuP64aGZMcb,0.002732,48,48,1,1,1,1
CdL6Pq2KmRtsFNnElj,0.002495,48,48,1,1,1,1
ClYHCm3cQqzGtl4pWh,0.031728,48,48,1,1,1,1
CbX7cM3prtR2JcODDj,0.026236,48,48,1,1,1,1
CZjVsf4RScbDlDJcq7,0.005245,48,48,1,1,1,1
CIHgTt4tvkEZAfIBUi,0.002743,48,48,1,1,1,1
CTY02D1Kjq8eD6nrmg,0.002736,48,48,1,1,1,1
CoEEAo4y7WSgFQUBSj,0.00273,48,48,1,1,1,1
CAMX1h3fmDrI55fith,0.166907,48,48,1,1,1,1
CDmOqa3yWuZWg9Jfx2,0.002746,48,48,1,1,1,1
C9ZfxkYZlizqEDU1i,0.024983,48,48,1,1,1,1
CnrSDb1QwVwL2KGXH7,0.002496,48,48,1,1,1,1
Cw7Xj8262nJmcNdgJ2,0.002744,48,48,1,1,1,1
C377VU13oshGK2yaC2,0.007742,48,48,1,1,1,1
CjbtJI399zqZ1tfUpa,0.002482,48,48,1,1,1,1
CKIahJ37plIAoTOlma,0.00273,48,48,1,1,1,1
CgPjjq18SvMTymaoA1,0.002486,48,48,1,1,1,1
CAa7Xo3ZtfClXc6aS4,0.081204,48,48,1,1,1,1
COMGNn4HBJ14QtBTpk,0.002745,48,48,1,1,1,1
COgScl2a8GBX48JJu3,0.085701,48,48,1,1,1,1
CkQKIV2TtA6RzwCXAg,0.026481,48,48,1,1,1,1
Cbxky32Ddefj8IlHsc,0.076208,48,48,1,1,1,1
CJwMZE39iVLphQuwx1,0.002738,48,48,1,1,1,1
CEDJ2H13TKhQRmJS46,0.0025,48,48,1,1,1,1
C1ELru1bAKjki6URRi,0.002745,48,48,1,1,1,1
Cekm961vPDCzaOLXm5,0.002745,48,48,1,1,1,1
CY07hH2VqRQlTwMsO1,0.002744,48,48,1,1,1,1
CoJdWg1NlT4SQPmFkk,0.002767,48,48,1,1,1,1
CMKa0P2yFIhsAwfaNc,0.002745,48,48,1,1,1,1
CyLMgu8PRDfN5yuLj,41420.48275,18320,18320,1,4,8295,8699
CdOnbZp4tJbd3bxE4,2.502845,76,0,0,0,2,0
CAeI0M2CvsuJgdMglf,3.106261,0,0,0,2,3,0
CRzgdU1NEGVuGL1Ls7,0.002731,48,48,1,1,1,1
CsoaKg4DIamWAUE9v1,0.00373,38,54,1,1,1,1
CfzKAA1RjOB1codUAk,2.186769,3042,0,2,5,3,5
CYoZcU1CUS3FcqPQH7,2.502825,76,0,0,0,2,0
CJ4kZO1ywwJo2JI9hj,3.145482,0,0,0,2,3,0
CYunG53rFcho10KA4d,0.002731,38,54,1,1,1,1
Ck0gBKzJQKeqycMS9,0.002735,48,48,1,1,1,1
CMDc4U3Jm7uEmO98Pb,0.002483,43,59,1,1,1,1
C1PqHd3FnZDvxgHybl,2.502829,86,0,0,0,2,0
CaVE103WDWXLzo3Tk7,0.239375,48,48,1,1,1,1
CxbOZF1V0zrwGQEdN5,0.002496,48,48,1,1,1,1
CBTrEo3NTnWVRCHht7,0.002744,48,48,1,1,1,1
CkDtr214cpEFjfhiK1,0.002996,48,48,1,1,1,1
CxjDfA3peeWHyKQui,0.015238,48,48,1,1,1,1
C4OT3o186Posrf9oEl,0.002736,48,48,1,1,1,1
Cg7Uyh36JCi4JityE8,10.00206,288,288,1,1,6,6
CVJDtL3BFODh5LAp62,0.02425,48,48,1,1,1,1
CCdduv3OSIF5jpZzHa,0.002736,48,48,1,1,1,1
CejOFy4CRkdL6DJ8tj,0.076207,48,48,1,1,1,1
Cgpv4A4aKev17EWlkh,0.002744,48,48,1,1,1,1
CmW2mZ21FyAvXohwMd,0.002746,48,48,1,1,1,1
C8jtZW2agzxKRtC7e1,0.033231,48,48,1,1,1,1
CdjT3c4ROuqsD809Dl,0.002745,48,48,1,1,1,1
C0Fbh41kmVVvb3YPAb,0.108192,48,48,1,1,1,1
Cf7pSGfdmPe5Fbore,0.100953,48,48,1,1,1,1
CvcPaT1PVL3wu622pc,0.03223,48,48,1,1,1,1
CUHQJ031kYI34dUBlc,0.002747,48,48,1,1,1,1
C0up7k1qIJzmsakMF7,0.050715,48,48,1,1,1,1
CxTq1d1izguOltrw62,0.003494,48,48,1,1,1,1
C5cCXz2o4o45pvbTyi,0.002994,48,48,1,1,1,1
CISBHO3mrHZ9uK5Lzg,0.002746,48,48,1,1,1,1
CvQpu4M07mlzplqPi,0.002486,48,48,1,1,1,1
Cb4ccp4eAolBS7nKjk,0.002737,48,48,1,1,1,1
Chvqk41asdBRkQxfAg,0.020489,48,48,1,1,1,1
CSr3lgUF5quSi4sv3,0.004493,48,48,1,1,1,1
CEEaCU29kuREtF0Ndb,0.002747,48,48,1,1,1,1
CMBmppqPkNPQUO7Ad,0.002747,48,48,1,1,1,1
CMbSz71QrZL39qfWR9,0.014992,48,48,1,1,1,1
CjTwVD3wMrdvKrIqTg,0.060719,48,48,1,1,1,1
CsSY2E11PdNkhP6P45,0.002488,48,48,1,1,1,1
CIgZze4SUPvkbdtKx6,0.002746,48,48,1,1,1,1
CGJu0Z2xosgXDMPzme,0.025985,48,48,1,1,1,1
CHUz9Y2d112H29sUj3,0.002747,48,48,1,1,1,1
CRWht03rqNjbsI0qAi,0.048972,48,48,1,1,1,1
CIsmCL3Z1P9O4ssd05,0.002996,48,48,1,1,1,1
CUvsJMJuj30b1Mrs6,0.002737,48,48,1,1,1,1
CGYYqn40PHNLB8tXga,0.14592,48,48,1,1,1,1
CXjUw74WqOJk6hDq61,0.063458,48,48,1,1,1,1
CQbwgP2ChsgfkYqhf9,0.002748,48,48,1,1,1,1
CDI1Fs4uX8tyvSItZ1,0.002497,48,48,1,1,1,1
CYWi7839jrMPpjWGQ9,0.002747,48,48,1,1,1,1
C9zZWn29cxZ9ZcGWV8,0.002748,48,48,1,1,1,1
CET9SP1ilAU33idXsa,0.020487,48,48,1,1,1,1
CHEB5243OH5q925l16,0.029983,48,48,1,1,1,1
CHNt3S1kji135hXuoe,0.002732,48,48,1,1,1,1
CzNYTl1FU1ilh7xz21,0.057468,48,48,1,1,1,1
CmC3p61vHCoZKLuOK4,0.002496,48,48,1,1,1,1
CPw96qo1nnR5ox6K7,0.002497,48,48,1,1,1,1
C8nQBo3R8Y300bcNp5,0.002746,48,48,1,1,1,1
CqHF88pgdSihQE5Q7,0.002733,48,48,1,1,1,1
CvEj4w45AngjhAJ5li,0.11144,48,48,1,1,1,1
CJ9IbW81KiKFxQIHe,0.017985,48,48,1,1,1,1
Cxcmpj2vAqNrQ7tstk,0.004229,48,48,1,1,1,1
CAdE5m396lLYSejTuc,0.010492,48,48,1,1,1,1
CuRS0p23KbWL2yoYq9,0.002747,48,48,1,1,1,1
C8ucLL2smggwJrUi0k,0.002747,48,48,1,1,1,1
C1U0Sb4Om7a0vW77f5,0.002745,48,48,1,1,1,1
CvQ5Ez2YpZBDEGdhz2,0.002481,48,48,1,1,1,1
COH2en2gTk9b08AQ51,0.002733,48,48,1,1,1,1
C86tBV28tmGNPEUIxd,0.002731,48,48,1,1,1,1
CS9Xp62KS6tBOznPia,0.002495,48,48,1,1,1,1
Cswrap49qiq205uXYd,0.002745,48,48,1,1,1,1
CrpA4b2M8H1xPKYOUd,0.002747,48,48,1,1,1,1
Coj55T2IFGrUlfpe9i,0.002746,48,48,1,1,1,1
CiT3Yo1gUYzWuSdZN,0.294831,48,48,1,1,1,1
C1yq5g3vXMLVAIyMv3,0.019238,48,48,1,1,1,1
CEDP4C2c098LeSGZZa,0.018989,48,48,1,1,1,1
CZ05NjgJKrLlSIsa6,0.00273,48,48,1,1,1,1
CW3Z9q1tlpS5f63mSf,0.002747,48,48,1,1,1,1
CPlqmO2bgcoEItinUj,0.002746,48,48,1,1,1,1
CTTIBu44FwK65SEgh,0.002747,48,48,1,1,1,1
CFcqWXvwC81kuc3Ef,0.258855,48,48,1,1,1,1
CmY1lL2gasEDaXFh4j,0.002488,48,48,1,1,1,1
CrzhDl3eq0v77VXvXc,0.038722,48,48,1,1,1,1
CDLRj04Sm1k4a4Yk7l,0.002482,48,48,1,1,1,1
COadMy2hdFgeaXZ8h3,0.051716,48,48,1,1,1,1
CWeBeNNpTeOWucoul,0.003246,48,48,1,1,1,1
CGaw663PZBjWkP0KO4,0.002748,48,48,1,1,1,1
COAPC82NOAjqWYcqXj,0.002495,48,48,1,1,1,1
CaLQgv4uFhjfEu0Pfa,0.002746,48,48,1,1,1,1
CpzBbHQu82GO9fGFj,0.002733,48,48,1,1,1,1
Ca7lqC2UdAqPcrFLEa,0.006995,48,48,1,1,1,1
Cnj4by2bMYmDcimlB8,0.053465,48,48,1,1,1,1
CUT3fgvilXeHssrjk,0.020489,48,48,1,1,1,1
CXOhns3yZMGeuDpYQf,0.002498,48,48,1,1,1,1
CCOkl1wne8yScYZDa,0.002745,48,48,1,1,1,1
Ccj4d13GtVqC7VBdOl,0.002746,48,48,1,1,1,1
CFGGRN2cZAI2RlD6Se,0.002742,48,48,1,1,1,1
Cz8T4N1saiyGU9esb5,0.002732,48,48,1,1,1,1
CEXouDbwjfVtr90bf,0.002745,48,48,1,1,1,1
CiYdO1CIdeV7XPKU,0.002748,48,48,1,1,1,1
CWgTox1dW999ymqdei,0.076206,48,48,1,1,1,1
CdntUV2wtgl2NihHgk,0.003245,48,48,1,1,1,1
C05xt72hJXPf3vLUji,9.956819,288,288,1,1,6,6
CQb7Y01e1tkY92KZje,0.031977,48,48,1,1,1,1
C3RhnU3zsA3ckCd5Mh,0.002732,48,48,1,1,1,1
CljEfb0UP1UOWeoy4,0.041724,48,48,1,1,1,1
CUzQis2puB9VcffDkh,0.169899,48,48,1,1,1,1
CnSobC3fGpIjbff9Fh,0.002496,48,48,1,1,1,1
CYOW7D31i62oIOSYwi,0.002743,48,48,1,1,1,1
C7Dfad3puHL3Nbo6Zb,0.002493,48,48,1,1,1,1
CSbxw33DeZP7Sf6Qt4,0.002747,48,48,1,1,1,1
CO4hP91yjozlDqkUTi,0.131679,48,48,1,1,1,1
CsRMJs1BY7p3iH6s9i,0.002981,48,48,1,1,1,1
C05saf2j85BwCDY8r5,0.002732,48,48,1,1,1,1
CDqk1x3vaK3wOvw81f,0.04247,48,48,1,1,1,1
CiTqDi39xTuLD63b4i,0.002994,48,48,1,1,1,1
C9LaXw1G012R02snPe,0.082954,48,48,1,1,1,1
CVqWA41lgdPag7fwJ4,0.295585,48,48,1,1,1,1
CdeuIJ3SRltXkjlWz6,0.00249,48,48,1,1,1,1
COho253Ejfst2ppZHf,0.144419,48,48,1,1,1,1
CxxC5MY5nvt0WNmcf,0.002987,48,48,1,1,1,1
CCRb0B3xY1XwtZxP54,0.285334,48,48,1,1,1,1
CEi8Mn2p7q2ow91Qtj,0.142676,48,48,1,1,1,1
CRVg4k3qm4HBmEe7H4,0.00324,48,48,1,1,1,1
CmsEGn4VkQGcqBMiT3,0.044475,48,48,1,1,1,1
C8KIzj21wzbFinb2T8,0.002744,48,48,1,1,1,1
Cy17rgCfCQKqjPkvl,0.002487,48,48,1,1,1,1
CUPlXc1vRmdfLaWSzj,0.002732,48,48,1,1,1,1
CZebOg1wS3e27WwpU5,0.025731,48,48,1,1,1,1
CKO1ED155u1PNlPUu8,0.002745,48,48,1,1,1,1
CHrMru3coFlnouehQ1,0.002746,48,48,1,1,1,1
CojoHb17H0eXcJjbOc,0.084703,48,48,1,1,1,1
CMeayM3gqCKUNU99Y2,0.135425,48,48,1,1,1,1
Cmr23XTOawdtrPEsf,0.002731,48,48,1,1,1,1
CseWlE1wXIGj39znYd,0.039229,48,48,1,1,1,1
CZof9g4xC8SYQtT9wf,0.029,48,48,1,1,1,1
CGhbig3jyFeOKHqhQ7,0.002746,48,48,1,1,1,1
C8foOF2AE9ZhHfBRK1,0.023987,48,48,1,1,1,1
C0h9Jh1LJGP9vrfbdh,0.002496,48,48,1,1,1,1
C3xGpm4BjNOkXIgN28,0.002746,48,48,1,1,1,1
C1E6ff3W23if4DrHDa,0.002746,48,48,1,1,1,1
CU8N8G3VzfsOEmkJNh,0.002744,48,48,1,1,1,1
CErPxQ2WSDP5rnEBMh,0.002728,48,48,1,1,1,1
CEZjtv4t01TwmbjlX1,0.029233,48,48,1,1,1,1
CmvXuq2i9EHY2m9fHi,0.002747,48,48,1,1,1,1
CV4W1L1S4yivdiwJEc,0.002496,48,48,1,1,1,1
CEr8Pk3nqzTvIVGRZ,0.002746,48,48,1,1,1,1
CtSSen2Da6tO1EeSPi,0.193887,48,48,1,1,1,1
CAo36w33SHHnLiA1e1,0.157677,48,48,1,1,1,1
ClaVqqg5FLXUxXnMd,0.10121,48,48,1,1,1,1
CLmjhj3Qan5Hwobvq3,0.002732,48,48,1,1,1,1
Cp224C3ufJ2t6dY9dh,0.002745,48,48,1,1,1,1
CW10Kf3icBZjCBXMCf,0.002747,48,48,1,1,1,1
C86xak1VwXtsyugqT7,0.000498,45,45,1,1,1,1
CMo1Bu8l4ZcR3AKWh,5.005395,78,0,0,0,2,0
C0WTgsVmVz8Q6ZHA7,0.0005,45,45,1,1,1,1
CUv2XY2X6xOXfrhnZ6,0.031232,48,48,1,1,1,1
C0Lqpu1AnAPHy7ivDe,0.095696,45,45,1,1,1,1
CqIZkh1WZvLfxqqlmf,5.005397,78,0,0,0,2,0
ClSOt32hlTPV4v6Jac,0.0015,45,45,1,1,1,1
C2RkKl2hZiwFDEO2K7,0.000747,45,45,1,1,1,1
CSc5y336uEVdeJnY24,5.005394,78,0,0,0,2,0
CP7zWE3NoEuGykfNZi,0.002744,48,48,1,1,1,1
C47bwQ2H8Rps8XBWcl,0.154163,45,45,1,1,1,1
Cnb6A81Lzk2Mz60wsl,5.005404,78,0,0,0,2,0
ChpMgW1jwxnjnTBWj5,0.001746,45,45,1,1,1,1
C6Lmn53J3lmTg8C5fl,0.021238,45,45,1,1,1,1
CmbNp71ntVpmPzHvUc,5.001166,78,0,0,0,2,0
CV6JzQmJyStfLv1t5,0.002736,48,48,1,1,1,1
CIYXOK0UjisCqAEGc,0.11094,39,103,1,1,1,1
Cc3NAu1N560cVYb9Dj,5.038611,78,103,1,1,2,1
CmkCqyn7r0xikDnhe,0.105707,45,45,1,1,1,1
CFqMWWH4OgsFTTKtb,5.001152,78,0,0,0,2,0
Ci34N22bLjnMsrscdg,0.045974,48,48,1,1,1,1
CaqcPz3zqW8I8kuoei,5.001398,78,0,0,0,2,0
CJV9LK24Ecr2RSugda,5.005394,90,0,0,0,2,0
ChRblpq864nCPXaD9,0.000498,45,45,1,1,1,1
CkDXhFx9TTKLjna99,5.005385,78,0,0,0,2,0
C2FtKf4SgFLJA3ZUI7,0.036223,48,48,1,1,1,1
ClQQrb1FDzv18wOOYi,5.001148,78,0,0,0,2,0
CvTc2r4repfQQy70ol,5.005392,90,0,0,0,2,0
CgJa2n2fUiIFZnR4yc,0.000498,45,45,1,1,1,1
Cn1VzY1Wdl5ZP5x3R9,5.0054,78,0,0,0,2,0
C1mFS23qZlDuQ0Dir7,0.002996,48,48,1,1,1,1
C16F3n3AxGtYtNhsNa,5.000888,78,0,0,0,2,0
CcD6A41k7pLdL29m0j,5.005391,90,0,0,0,2,0
CU5aEQ1UI5tsvAQ2lh,0.000498,45,45,1,1,1,1
CVmsbM3jxBZ8n2dFZc,5.000648,78,0,0,0,2,0
CMwcN64ljcEcoWGTe4,0.055968,48,48,1,1,1,1
Cxe69b1yvuvnk2AAv,5.0009,78,0,0,0,2,0
Cp9ELFdIHsDasktfg,5.005394,90,0,0,0,2,0
CDjUla2c8EhtFcCMM4,5.000898,78,0,0,0,2,0
CPBYX32qAYQQHpfeCl,0.086451,45,45,1,1,1,1
CTphuu12DK2P4WuWB3,0.005248,45,45,1,1,1,1
C2k1Ae3wvGLd70lx8a,0.020991,45,45,1,1,1,1
Ce10my3YrXhhDtqD7e,5.005398,78,0,0,0,2,0
Cnou831tqZchtw6Y1d,0.019234,45,45,1,1,1,1
CYS76j118FLqobxMBb,0.000999,45,45,1,1,1,1
CsNCB7294PsmxrsDK8,5.005393,78,0,0,0,2,0
CqRHzJ1gG77XkS9mn3,0.038228,48,48,1,1,1,1
Cdb8F81933TT2sinEc,5.005394,78,0,0,0,2,0
Cv1S0S2Kc3907aCAy1,5.004901,90,0,0,0,2,0
CEGBJo1OxqeHRX4s1d,0.000499,45,45,1,1,1,1
CZ9CNs4G77wJFMagW6,5.005394,78,0,0,0,2,0
CEMzZu14BH2bMek5Z5,0.0005,45,45,1,1,1,1
Cylmwk1lAAQaKy4gmg,0.000746,45,45,1,1,1,1
C8Z1jt4ufA7Sv8hKF9,5.000401,78,0,0,0,2,0
CuzxHZbQd4DPYZmy9,0.0005,45,45,1,1,1,1
CBL1Ps461oHDEhL6Dj,0.000747,45,45,1,1,1,1
Cf2XCv4fZquLhvULZc,5.005396,78,0,0,0,2,0
CDuO5f3TWryZ7oa10b,0.031226,48,48,1,1,1,1
Ce6O692QaGiECnX4w1,5.000898,78,0,0,0,2,0
COoTtm4v0gJMGWVKtk,5.005146,90,0,0,0,2,0
CXh1YFSBOaGAku0fj,0.00074,45,45,1,1,1,1
C5EcoH2oeJTpNNNL5g,5.005394,78,0,0,0,2,0
CAjZtM2kTvmk7dXdSg,0.0005,45,45,1,1,1,1
CaJpj03505kxqzjoVb,0.000734,45,45,1,1,1,1
C9CQNH2QAGrBCUuhP4,5.005402,78,0,0,0,2,0
CKX2Tw1OiHN3oWj7R9,0.0005,45,45,1,1,1,1
CCxgjV1YKuwoYUKCSi,0.000489,45,45,1,1,1,1
COV5JrSGDtVzYe5wj,5.005405,78,0,0,0,2,0
C8O9X914keNIrtteKb,0.018749,45,120,1,1,1,1
CNx0Th4NvYOeIaVi17,0.004996,48,48,1,1,1,1
Crupvd2FKNwy7C9e9,5.005145,90,0,0,0,2,0
CXilJ525beIsKRoFek,5.001147,78,0,0,0,2,0
C025BpO1XrNQEcli8,0.003249,48,48,1,1,1,1
C8jMaj2KqoOmCEfww5,10.002033,288,288,1,1,6,6
CfdBJm44enow8dPunh,0.002987,48,48,1,1,1,1
Ce5He1YKsXILcbyc1,0.002746,48,48,1,1,1,1
CFh4P21jm8qbQ1moq4,0.002747,48,48,1,1,1,1
CT39Qq4IPEst962utd,0.126431,48,48,1,1,1,1
C5yzjjsHbBle5BRDk,0.151164,48,48,1,1,1,1
C5dfoI122haQ7wy4va,0.002747,48,48,1,1,1,1
COdWc82TmlBQWwSySb,0.002479,48,48,1,1,1,1
ClbOnl3qTN9TKllNE,0.002755,48,48,1,1,1,1
C8v5PU2b9OW4uUFkm5,0.002747,48,48,1,1,1,1
Cn4VUq4eh34pLPq04e,0.023236,48,48,1,1,1,1
CgehFg1bw8O2tvH1c1,0.002498,48,48,1,1,1,1
CLRw1b4f510RsdnHd6,0.11819,48,48,1,1,1,1
C4ccjw3Bx8QW8NP5q2,9.981305,288,288,1,1,6,6
CTqgPR07VgBsooRIg,0.002497,48,48,1,1,1,1
Clj6Z31MOXCyUDRjI1,0.00273,48,48,1,1,1,1
CijBPO1HwPcgMEII7h,0.152181,48,48,1,1,1,1
Ct8MPE4QaOwuASUiGf,0.002732,48,48,1,1,1,1
CECqJH1iZfwwWQgI76,0.002499,48,48,1,1,1,1
CPJJd8W9lo4Pbjho4,0.076957,48,48,1,1,1,1
Cla3a11AxDF63qstUl,0.009989,48,48,1,1,1,1
CphuyW3Lthxmxpuse5,0.002745,48,48,1,1,1,1
CytPsZ3LcmTqn8so0e,0.002747,48,48,1,1,1,1
CTPBFZ2jmLnwa0iBN1,0.002497,48,48,1,1,1,1
CtU6kC1fGEuWGaSFDf,0.03873,48,48,1,1,1,1
C6b8mG2xSmbAGaFkP6,0.002487,48,48,1,1,1,1
CFCEvO1KPfRMYs2NN5,0.002492,48,48,1,1,1,1
CCEiol1Ou1WWWyIoJk,0.083447,48,48,1,1,1,1
CYV0Wq27UPj9lHlCHb,0.025985,48,48,1,1,1,1
C9GzAt3L6Yc3cbQtSk,0.002745,48,48,1,1,1,1
Cari4m1tAhZOEYaA0j,0.002743,48,48,1,1,1,1
CALu4s2tp2yEb6eJAd,0.006239,48,48,1,1,1,1
CbRt414eZtaTl3cc3b,0.228378,48,48,1,1,1,1
C8BnZE1vxtMDkYoDF8,0.00398,48,48,1,1,1,1
CUWL4j2NeBiTammJe7,0.003741,48,48,1,1,1,1
CFYxJ14tQRwzHYDuS2,0.003,48,48,1,1,1,1
CqxjOb1RoyRDX3X5Pk,0.002494,48,48,1,1,1,1
CeH6ZVsB5IKlaZF84,0.105434,48,48,1,1,1,1
CptCeQ38AO6K22Zssg,0.040977,48,48,1,1,1,1
C78P53ehGWZ0hxWle,0.002731,48,48,1,1,1,1
CnfmFG2whUL0TrkPb4,0.003246,48,48,1,1,1,1
CPWbKw1yYsYbf5NBk,0.002738,48,48,1,1,1,1
CkXl5E1xuPjSpZdAD2,0.003997,48,48,1,1,1,1
C0rOuXGUxmWh4wqV1,0.002747,48,48,1,1,1,1
CVT0Hw41yhIUPUniv9,0.005241,48,48,1,1,1,1
C0Kr6Ika5OoJV8ENf,0.014241,48,48,1,1,1,1
CehTA12mWIxND7t2H6,0.002493,48,48,1,1,1,1
C84Xlm1wdWMJgpyCda,0.002995,48,48,1,1,1,1
CWbH2h22mZMkfBQmJ7,0.205135,48,48,1,1,1,1
CKkU3h3sPb8otdvVRj,0.002997,48,48,1,1,1,1
Ci16Bq1vikVjxX1Cvi,0.002745,48,48,1,1,1,1
CSoSs62d7RUPfXx1Kb,0.026236,48,48,1,1,1,1
CmyDro1CvbOhcCLhog,0.002496,48,48,1,1,1,1
CG60uA2mR2UONw9WSb,0.002746,48,48,1,1,1,1
Cbc7r53Dz386tAhSF9,0.022492,48,48,1,1,1,1
CZvso01tvVznODUW3d,0.002731,48,48,1,1,1,1
CQwinKiKrKsDGQafa,0.15767,48,48,1,1,1,1
CdG1Gk3Xaj1rNul402,0.002748,48,48,1,1,1,1
C5rGYp4R53RwJjRpXl,0.002497,48,48,1,1,1,1
C05mnLUB7FmcDZiC1,0.077204,48,48,1,1,1,1
CV08Tv2LbCLwiwVXC2,0.002744,48,48,1,1,1,1
CCOmEW3joilbhIRLPd,0.002734,48,48,1,1,1,1
C1Vcff39I8rwJWOUFl,0.002739,48,48,1,1,1,1
CCfDPd43qTT2OjLgZ6,0.002981,48,48,1,1,1,1
CtlSDZ2IINBA5RqJF3,0.004244,48,48,1,1,1,1
CUoQYZ2tKhdvwCemi1,0.002747,48,48,1,1,1,1
C5zNNT33RKN97Ozpii,0.090949,48,48,1,1,1,1
CYzE982FYb3hz8vgqc,0.040228,48,48,1,1,1,1
CSrolANwYQu9xTLJd,0.002737,48,48,1,1,1,1
C1WjRi2p0k1uTQ2Eaa,0.287103,48,48,1,1,1,1
CMygTZ1j0iY1ErgxX4,0.00273,48,48,1,1,1,1
C0HfugTly55YuWZY2,9.963311,288,288,1,1,6,6
CUCeJPGo4Fgvi6CS,0.122187,48,48,1,1,1,1
CbKeyV1qx3CC3luUPj,0.003996,48,48,1,1,1,1
CaSr1V73P5diAQ8H4,0.06996,48,48,1,1,1,1
CIWnOL1OEYk20xEq8,0.015491,48,48,1,1,1,1
CPUoBf4HyOvWk1kXX3,0.075701,48,48,1,1,1,1
CUR0Vx35zkHvVV77vh,0.002738,48,48,1,1,1,1
CNUbVg4sa0cXgUR62g,0.060214,48,48,1,1,1,1
CvdFG52SrDJSw1O1Yc,0.085698,48,48,1,1,1,1
CP6jgT3G5oA5fHXRJ8,0.002746,48,48,1,1,1,1
CTBQsl3sBwQVGlLAd7,0.057962,48,48,1,1,1,1
CVekOf3ElX6kFCnaog,0.002496,48,48,1,1,1,1
CzP75C3MGS8GLqUO6e,0.002498,48,48,1,1,1,1
CTR4cBOoJj1iBath4,0.002745,48,48,1,1,1,1
CEp0thnVF1uTfoSc8,0.004746,48,48,1,1,1,1
CxkllC3AtsK6BNKmV9,0.210898,48,48,1,1,1,1
C67GucLafxZbHSh19,0.021484,48,48,1,1,1,1
CGVrhI3FpbSaVk40Cd,0.002746,48,48,1,1,1,1
Cx0ZB43A5s6ih4jFDi,0.128432,48,48,1,1,1,1
Cn2XMq1EMO2mTHYtIl,0.002748,48,48,1,1,1,1
CYGTQ343WrJ703Hs44,0.002496,48,48,1,1,1,1
CGnRKX1PgF6x9jlbk7,0.002732,48,48,1,1,1,1
CBkRKu1FLl9stsVKv4,0.037983,48,48,1,1,1,1
CajRxf1jTcAdHsGOk,0.002746,48,48,1,1,1,1
CCdHwS30TmAaEpSxYh,0.270594,48,48,1,1,1,1
CZyiCI2QceFUiufzGb,0.007244,48,48,1,1,1,1
CUUTnm1N5Tw5SbW9w5,0.002746,48,48,1,1,1,1
CJNxxf2Tcmw93OG9ch,0.091443,48,48,1,1,1,1
CkFamY3NF3LO6rKtD4,0.002734,48,48,1,1,1,1
CwPd801XdvTd8ZBJs1,0.002492,48,48,1,1,1,1
CIiXHL1fkT7EzlcP0g,0.030727,48,48,1,1,1,1
CPRJ3S2XfysxBYywUl,0.002746,48,48,1,1,1,1
CVPNcLS1bw5Row6q5,0.002747,48,48,1,1,1,1
CC9Mcy2fnqff1QZua1,0.012238,48,48,1,1,1,1
C59XD02HgJbAAfpIQ2,0.003992,48,48,1,1,1,1
CMxinu4hCPkZWZ7Gi8,0.002729,48,48,1,1,1,1
CV7oUE1HCIb6Phgeej,0.002738,48,48,1,1,1,1
CBcDQq4koJ2js0SsK7,0.002734,48,48,1,1,1,1
CFRhg920ft3INwYcGe,0.002748,48,48,1,1,1,1
CQsZ564rH759TM6g4e,0.002747,48,48,1,1,1,1
Cms1Rx3AhGa6nkCgPg,0.002998,48,48,1,1,1,1
CyF9zf4vstO8HeAFci,0.002745,48,48,1,1,1,1
Csje6a3VxnsMBnH9D2,0.003745,48,48,1,1,1,1
CxYCfzD70nPHc21Ol,0.002733,48,48,1,1,1,1
ChgrcM3RRD9mASVYSd,0.136672,48,48,1,1,1,1
Cwe0vm32WJNOin34O9,0.039473,48,48,1,1,1,1
CHngMTfIU9X4ubBT3,0.002745,48,48,1,1,1,1
Cpp2lV11dWsO3hQthi,0.002747,48,48,1,1,1,1
Cnbgn11Aq25koMigF1,0.042479,48,48,1,1,1,1
CIEKFkSHdX86Uz3Lh,0.121192,48,48,1,1,1,1
Ccvnc91zxnWiRGm0ae,0.00273,48,48,1,1,1,1
C7I4tW1Z734crU6u7,0.002746,48,48,1,1,1,1
CBbivbeuENGxoBDdb,0.002737,48,48,1,1,1,1
CKoyLx1qSV9Y06jhO9,0.002745,48,48,1,1,1,1
CI1fB513rvOiVn3zS,0.002495,48,48,1,1,1,1
CQ6Rl930s2OGvckfdc,0.002496,48,48,1,1,1,1
CLSQwL2phZmSnMDT0c,0.002741,48,48,1,1,1,1
CUYlGo3ctdkOqW8O5e,0.002983,48,48,1,1,1,1
CzPkjq3qOWxoEyktR8,0.082953,48,48,1,1,1,1
CufCGKZZbzIp5hTh9,0.002729,48,48,1,1,1,1
C3RyqI2KvZnR85igs1,0.14342,48,48,1,1,1,1
CVIuTG3St3bdEUwwMh,0.002746,48,48,1,1,1,1
CEnfnHXveNUBCvWTf,0.002744,48,48,1,1,1,1
CU9ITT250fJPHXG1F9,0.022487,48,48,1,1,1,1
CzK5zP3YqCRlWm3VK3,0.03773,48,48,1,1,1,1
CVGVHl44TwGWVsmwug,0.01599,48,48,1,1,1,1
CHpTNULxw65Cc3NEd,0.002744,48,48,1,1,1,1
CPO3sH1puxsC9NNsh4,0.005996,48,48,1,1,1,1
CzaibY1YjtyhHVz8Xi,0.002747,48,48,1,1,1,1
CLbmen1ii2qWLtNRVi,0.002738,48,48,1,1,1,1
CSPYlo42KxIfiWliLl,0.102953,48,48,1,1,1,1
Cl39zJ312xrTugKkda,0.002493,48,48,1,1,1,1
CJ21bf3I8NljNnjVo,0.002737,48,48,1,1,1,1
CLhLJK3Jir7Sc2NyL5,0.002739,48,48,1,1,1,1
ClQf5eZa0xviM7Qhl,0.112694,48,48,1,1,1,1
CeozDA1YFhxqulsEf8,0.046216,48,48,1,1,1,1
Cx2sAV14VlC1eJF0G1,0.030732,48,48,1,1,1,1
CyrpQG2yQlehZtvnth,0.048716,48,48,1,1,1,1
Ch2h2m25bSrSSEipL5,0.022239,48,48,1,1,1,1
C0MosSvJLolESvwDf,0.04697,48,48,1,1,1,1
CIMf8K3tR0zlqpyiSd,0.002746,48,48,1,1,1,1
C89AUc8aIUUsAx61g,0.066721,48,48,1,1,1,1
Cp1K4h3pMbg3iiTOad,0.002746,48,48,1,1,1,1
CQg75anvcUGSC45Fj,0.038218,48,48,1,1,1,1
CITchpCkdrdoi7Ad4,0.064713,48,48,1,1,1,1
CNOVvc3qV76a7QXS8b,0.044725,48,48,1,1,1,1
CbFs3q2ZRwIoVDvuk4,0.003995,48,48,1,1,1,1
CdK7kJzxn9MmjgQ8e,0.003995,48,48,1,1,1,1
ClX5dp1vw90iR9rkc9,9.990063,288,288,1,1,6,6
Cq97vp15Dxmpzhu7xd,0.002746,48,48,1,1,1,1
C8E3VixP2PMpkoyt6,0.041222,48,48,1,1,1,1
CeqFLh1i2CjmqBv346,0.002748,48,48,1,1,1,1
CDx0bl1xC1ZpVg3rnk,0.002745,48,48,1,1,1,1
CKqMQ64dlIs0XVFzMb,10.00604,288,288,1,1,6,6
CRNBm04dsMBPXrfQwl,0.030736,48,48,1,1,1,1
CkoYJH2UWap2LyH5h,0.002745,48,48,1,1,1,1
C9cQXf1jHJiVcGihxj,0.002482,48,48,1,1,1,1
CMyXHg1OBFuyoF78e9,0.004237,48,48,1,1,1,1
CLUvaO1rsmF9xccmpi,0.002494,48,48,1,1,1,1
Cj5pZ92wfTGW7kYUo5,0.002745,48,48,1,1,1,1
C0qVPx21iFtNrsGzM4,0.071453,48,48,1,1,1,1
CviY6D3vSjdeyoICO9,0.002745,48,48,1,1,1,1
C2IbtPKXM7Gl25mv7,9.964565,288,288,1,1,6,6
CCYNzE2cPz5uLaDF75,0.002747,48,48,1,1,1,1
CxbfNB4UBFRGvfwayl,0.004996,48,48,1,1,1,1
CXtpTb1BbDdfg6olG6,0.002746,48,48,1,1,1,1
CIlHMa3ADtyLEAcl,0.002736,48,48,1,1,1,1
CrkIZq2ZdIDmQpqptd,0.024237,48,48,1,1,1,1
CcaECy4vEtedRwsqk8,0.004242,48,48,1,1,1,1
CIiAES3y0Q4AVQhHgk,0.002747,48,48,1,1,1,1
C2zh1V1GMeIKVFgbY5,0.002746,48,48,1,1,1,1
CKsQH34MMU77B80d8j,0.006993,48,48,1,1,1,1
CbGXV32iUnT51QBGA7,0.100441,48,48,1,1,1,1
CueS9o18Qg3s3vfXu7,0.002732,48,48,1,1,1,1
CVevE81I1D5UUnkH1j,0.002747,48,48,1,1,1,1
CX9SrK35R6omoab28g,0.045724,48,48,1,1,1,1
CxVWcn3rzVFYha9qL2,0.002747,48,48,1,1,1,1
ChDxgm4lM6G43xhSje,0.002997,48,48,1,1,1,1
C5REC54dwN8Cthe9Af,0.009741,48,48,1,1,1,1
CxPpfALEfPNe0OLM9,0.054967,48,48,1,1,1,1
CHkzpm3nTZkRcmV59b,0.003242,48,48,1,1,1,1
CEfHWz3yDQFSvAcT4l,0.052987,48,48,1,1,1,1
Cy4xhw3pYUPEHNpO27,0.008993,48,48,1,1,1,1
CszOjc2uPvcFuVLZ6b,0.022486,48,48,1,1,1,1
CYWmqn3xv7a5dBqsI1,0.004995,48,48,1,1,1,1
Co3FEW1AtGbdE3Cik,0.002496,48,48,1,1,1,1
CPW5f23tD1J8txOrL5,0.002745,48,48,1,1,1,1
CIeLZ026XQiJNV3U04,0.002494,48,48,1,1,1,1
CwcljbNELOaelE71a,0.002482,48,48,1,1,1,1
CgEGHn3MeS4DblAoq5,0.014983,48,48,1,1,1,1
Cbbe5W2Vb7SHUbGNWd,0.002744,48,48,1,1,1,1
CqFCI1cH12XafGkJe,0.002746,48,48,1,1,1,1
CUNE3f4doUHvXn8TY,0.002747,48,48,1,1,1,1
CIYSl40oDPuTsf876,0.014986,48,48,1,1,1,1
CQiptM1E2GvPUzmdH4,10.032036,288,288,1,1,6,6
CSfHCW3ypKNP9u56pa,0.029485,48,48,1,1,1,1
CNOW4r1Rr87RbKTfn,0.002731,48,48,1,1,1,1
C2RhxE4YXbKNuO7xjb,0.002737,48,48,1,1,1,1
CKxt2NZ04Jzl8PPE8,0.126185,48,48,1,1,1,1
Ctu0dr3QuZApmB5p42,0.002495,48,48,1,1,1,1
CfonPs1mInDY6z8FEk,0.002995,48,48,1,1,1,1
CF36lo1EwyA9YNT36f,0.267099,48,48,1,1,1,1
CeUJmo1HNSp2Tpu07g,0.002997,48,48,1,1,1,1
C16ppz22aJOFVNc3Dh,0.002482,48,48,1,1,1,1
CxmrS31VdAtOTBAx3g,0.025984,48,48,1,1,1,1
C2G4631eaNT7O2fztj,0.004481,48,48,1,1,1,1
CQg4Wm3AzweUZJIxK4,0.002744,48,48,1,1,1,1
CRxGp12wanjCYC9igf,0.002746,48,48,1,1,1,1
CpAeJF4iNwbOJEea69,0.20639,48,48,1,1,1,1
CEiGUB4MygSTREczk3,0.268592,48,48,1,1,1,1
CRpBOUG9cKdONFQZ1,0.002746,48,48,1,1,1,1
Cf5Fx61JrYtvsM7M4d,0.002231,48,48,1,1,1,1
CftVXE2lQa5emVUzTl,0.002737,48,48,1,1,1,1
C6BLcz3Khf6UrHQKyb,0.002732,48,48,1,1,1,1
CZkPK719FMBHzdZLs7,0.002745,48,48,1,1,1,1
CFmvIO33EqUx4KWCx5,0.00249,48,48,1,1,1,1
Cg8KFI2E8ZT7oJqiJa,0.002739,48,48,1,1,1,1
CdcXOt2kPEAxnyckhj,0.004246,48,48,1,1,1,1
CW2RUv2y33RqdlGyIa,0.014491,48,48,1,1,1,1
CQBX2B2Ricmz1NEV89,0.002738,48,48,1,1,1,1
CfQYpLE5Zvvh9BvWg,0.002731,48,48,1,1,1,1
CsGElt4LxhhGY989ub,0.033231,48,48,1,1,1,1
CB44UjSZAIdUoe143,0.002744,48,48,1,1,1,1
CdEfku20ERkJm9lZKa,0.101937,48,48,1,1,1,1
C6mMc44T1ykznleXp7,0.002493,48,48,1,1,1,1
CPh2rTZ0RiW2lvACc,0.095441,48,48,1,1,1,1
C8dsmF1TUzAr4jFdx6,0.002743,48,48,1,1,1,1
CCNbBWGpdbTuAPMV5,0.002732,48,48,1,1,1,1
CMrG3i2bzrr5qSTRq2,0.002499,48,48,1,1,1,1
CRkXXm4NpL1kZKvGR9,0.038471,48,48,1,1,1,1
CbiwCV2lQhfLyvSTCd,0.002995,48,48,1,1,1,1
Ccgjho3yFxDbnHY3l2,0.002495,48,48,1,1,1,1
CucD1SrI4h1Rl6Lve,0.002745,48,48,1,1,1,1
CUWyfr4mh98BSijqdd,0.002745,48,48,1,1,1,1
CAby3k3T4k3afBGLK8,0.00273,48,48,1,1,1,1
CNkp2N3JfIeH5cpFLl,0.007988,48,48,1,1,1,1
C2gnikXhRF8UKsMqf,0.002734,48,48,1,1,1,1
CXvTbj1Zvr4UbDUnLb,0.190392,48,48,1,1,1,1
C2Ghtk1CreOsPGtEU3,0.002746,48,48,1,1,1,1
Co2XqG1dJZqTKKfBc2,0.002996,48,48,1,1,1,1
CGz6KC90VnEZ6QiCd,0.002746,48,48,1,1,1,1
CucXVQ2X5nJ3067tT9,0.002748,48,48,1,1,1,1
CnrDZlcItJufPHvlf,0.071223,48,48,1,1,1,1
CffZn43kEe1ZA7qHBl,0.002731,48,48,1,1,1,1
C7QJ8M3ZMepQLNlREa,0.00249,48,48,1,1,1,1
CUOFVW6chScMAvkH,0.002746,48,48,1,1,1,1
C0qMzt1MvRUEDBdTd9,0.031732,48,48,1,1,1,1
CJcVJR3MGLViK2AV4k,0.002745,48,48,1,1,1,1
CnlWCn38kPAKkSsRO2,0.05097,48,48,1,1,1,1
Cp33HCFpVa6FAWeIa,0.119434,48,48,1,1,1,1
C6HYUg3jxxW6x6bj69,0.072455,48,48,1,1,1,1
CBZTCKvm8IOsah3b3,0.002482,48,48,1,1,1,1
CH3zfs20KVxsHI4GTb,0.007729,48,48,1,1,1,1
CmEubD3JRqkRARMX0c,0.110195,48,48,1,1,1,1
CAlKRW21tSO7kJEKw6,0.027483,48,48,1,1,1,1
CrMNaW34UELE2vDxI8,0.002996,48,48,1,1,1,1
CviffqrvCwfxS8U55,0.002747,48,48,1,1,1,1
CUykXb1BhIHCO3s8Pc,0.002746,48,48,1,1,1,1
Cup6RD279txPtROsbh,0.01524,48,48,1,1,1,1
COQWkZ1OyJUI0q5gdc,0.02648,48,48,1,1,1,1
C6GPytSJCrW3QYMwc,0.002743,48,48,1,1,1,1
C9vdu115wDTVclA0xf,0.028233,48,48,1,1,1,1
CTeYwMtINlbERo2K5,0.024986,48,48,1,1,1,1
CyJ4NcKDF14DcHzMh,0.334307,48,48,1,1,1,1
C9a4nF4wOkCRuFk5da,0.002495,48,48,1,1,1,1
C3IeXC2R8T2ugr236i,0.022238,48,48,1,1,1,1
CQFgoG955zSHgKKRj,0.004247,48,48,1,1,1,1
C5wgPr3kADeO50Bjk2,0.002481,48,48,1,1,1,1
CfEqKx4o9Bl23KHR1c,0.004235,48,48,1,1,1,1
CJd7e1faVsbhkdptd,0.015236,48,48,1,1,1,1
CjsRdH2MSOAZlNCeL5,0.003487,48,48,1,1,1,1
Cs9beg2J94wNmRUMv,0.002745,48,48,1,1,1,1
Cc5DItHNMQfiBCvT7,0.002744,48,48,1,1,1,1
Ckl9MV1YRTedha6ZNg,0.04422,48,48,1,1,1,1
CwjVfD3Vm16N7wsSAi,0.002744,48,48,1,1,1,1
Cehv0D4RAQwmYBqMqf,0.002494,48,48,1,1,1,1
CkOQeh24U3NQLsFbQ2,0.00273,48,48,1,1,1,1
C6xW4t2OUzFAmDDSg,0.002745,48,48,1,1,1,1
CWARE22WHJegVNhwDb,0.002746,48,48,1,1,1,1
CroEM6iXOXmwSF9Qb,0.098444,48,48,1,1,1,1
CGvTFIAN1oH9v83Ye,0.002747,48,48,1,1,1,1
CBBoB1kwdv6UNwSch,0.002493,48,48,1,1,1,1
C9YVRm3e33pgGQz2Db,0.057462,48,48,1,1,1,1
Cb4uhw5lZX4be3QQ6,0.002738,48,48,1,1,1,1
CRbLj24uxixgNOFUn2,0.003237,48,48,1,1,1,1
Ctz75H2PimutPOYufj,0.002987,48,48,1,1,1,1
Cz7AT8h2DFHMW3qV5,0.002993,48,48,1,1,1,1
CFfJJa41WYwFxuUn47,0.002747,48,48,1,1,1,1
C7IA6p1WrO4jxjpDtj,0.051222,48,48,1,1,1,1
CLkj5z4VeEyzAlQWNc,0.007996,48,48,1,1,1,1
CjYpfj2tsUv19aZH03,0.002749,48,48,1,1,1,1
CAxwJT7obhPn26NV3,0.002746,48,48,1,1,1,1
CmEJ2F3oudgjfr1Fq7,0.002731,48,48,1,1,1,1
CbLgQOht6wRM58OXg,0.002496,48,48,1,1,1,1
CZljhtcKaE4QDqDz6,0.018488,48,48,1,1,1,1
Cgv2SHlJi8Z8Q9vNg,10.120233,288,288,1,1,6,6
C1YyrJ2W5BUcLrgimd,0.002745,48,48,1,1,1,1
C5Cwb81Yplwp5ywXGf,0.002494,48,48,1,1,1,1
CuGFDZ2uS9nnQscg04,0.002746,48,48,1,1,1,1
CVVO1s1uLAp8zW1Ct7,0.153165,48,48,1,1,1,1
CAeLVw3yzePefAoAil,0.002746,48,48,1,1,1,1
CQuHPBiAKxMenkt2j,0.00448,48,48,1,1,1,1
CD6Kwa1ctqn1rgtV2f,0.002734,48,48,1,1,1,1
CpPY1d2tBR7FoCbdgl,0.025986,48,48,1,1,1,1
CvtaOBmxQeGf5z7G3,0.030729,48,48,1,1,1,1
Ce2HWs4QWDXJPnlAq7,0.002996,48,48,1,1,1,1
CQV92malOshbL5am4,0.002748,48,48,1,1,1,1
CosTak2PSrMDV29y37,0.002746,48,48,1,1,1,1
CSHK2c4AWF6K8TEMPi,0.032726,48,48,1,1,1,1
CmSUP04YXx9aAkSw09,0.002745,48,48,1,1,1,1
CXXSoyD1SfrdT4p7h,0.139708,48,48,1,1,1,1
C0ldHf2nuW1ZgQUGJ1,0.002748,48,48,1,1,1,1
CPch5r1po6UL26H5Ch,0.260602,48,48,1,1,1,1
CyOVUX2tJz57WMVDii,0.128429,48,48,1,1,1,1
CqXcge2GmetbJUN3Mh,0.002996,48,48,1,1,1,1
CsA0u742xMTocqqkJ4,0.002489,48,48,1,1,1,1
CE6odF3uWN9NncSide,0.02425,48,48,1,1,1,1
CtvWHl48FKpu4mZAng,0.002731,48,48,1,1,1,1
Cl5HHJ2jUzpJZGvY9k,0.058965,48,48,1,1,1,1
CkA4Ey3bZsMHo2RSqd,0.002496,48,48,1,1,1,1
CdgmQr2AgIsfMMyqa9,0.002743,48,48,1,1,1,1
CBpX1742QUCyesYfE5,0.002747,48,48,1,1,1,1
Cq4EXJ2pE65dfFhOH1,0.231867,48,48,1,1,1,1
C81BY6259xbhq9qvij,0.100187,48,48,1,1,1,1
CtnCMr4wFDNvojcTD8,0.002757,48,48,1,1,1,1
CAfL763YTaM21MFc1j,0.002746,48,48,1,1,1,1
C4XtOpmrISQz3mI06,0.002746,48,48,1,1,1,1
Ctq3ip3jxhdmFwFE11,0.002497,48,48,1,1,1,1
CujttvWSz9GqDxKh1,0.031482,48,48,1,1,1,1
C6AG9w4VlYvdoAev0h,0.00274,48,48,1,1,1,1
CXWHAn42lIhDSjZAnf,0.002738,48,48,1,1,1,1
CFqMFx2KXqeEJSiuXa,0.046226,48,48,1,1,1,1
C2HwQ64yWUBNTpyhV4,0.002483,48,48,1,1,1,1
CAdeOr28uwOFmXHF94,0.002746,48,48,1,1,1,1
CEaNS84e68NMvgI0og,0.003245,48,48,1,1,1,1
CMT0Nrh3ltyFjJCo9,0.002497,48,48,1,1,1,1
CfjrBH2zqsZf8XiXr9,0.002996,48,48,1,1,1,1
CxVLda4ay3Tnla8Pu1,0.262857,48,48,1,1,1,1
CWc7dvOKdB96W4B4f,0.002745,48,48,1,1,1,1
Ctb0LW2xaKOJH7M5I9,0.013742,48,48,1,1,1,1
CBR5gw14uWeJFntCT4,0.002748,48,48,1,1,1,1
CbD2qi440P0meJ8Oo5,0.003995,48,48,1,1,1,1
C6ywRw3rLHMlhThucl,0.031483,48,48,1,1,1,1
CWajZV3S6NphkUchBe,0.039478,48,48,1,1,1,1
CVV3Qy3MiqnSQTl9f2,0.002741,48,48,1,1,1,1
CvnuQkqTlz6vP7Qwg,0.00248,48,48,1,1,1,1
CEDwxZokcx0sisze6,0.002732,48,48,1,1,1,1
CiJTAl3noUI6yylkYa,0.328559,48,48,1,1,1,1
CX5QaK1R52QDZwKNDl,0.002498,48,48,1,1,1,1
CzMHYm1N5acZ2ygCq,0.047217,48,48,1,1,1,1
C7IW8n41IEIolWwG4f,0.002747,48,48,1,1,1,1
CuXeVP2dp7VrULB023,0.030983,48,48,1,1,1,1
CzsHXE1VXUX02hOQk5,0.002741,48,48,1,1,1,1
CAIEn04EMV4UiaFRDb,0.20513,48,48,1,1,1,1
C7JHaLCjmqHvfixpa,0.022482,48,48,1,1,1,1
CM5SgS2mq29XVUeqg3,0.002746,48,48,1,1,1,1
CiV3iC21FZbjDijvQ1,0.002747,48,48,1,1,1,1
CrBbnUMdE9b0eBJV1,0.002747,48,48,1,1,1,1
CKSHxi2oJGfnSP7Q3,0.013739,48,48,1,1,1,1
CDDAdNuCEwyhDVHlc,0.002747,48,48,1,1,1,1
CcdbLRwNotuFvNUti,0.014256,48,48,1,1,1,1
CgGPyw1Nl9FHoeHwi7,0.003005,48,48,1,1,1,1
Ckk9uq4mH3Edqg8tb5,0.010743,48,48,1,1,1,1
Ca1O072RLzJ9ES8ISh,0.002747,48,48,1,1,1,1
C6cZrK3V7xqGDD3ZAc,0.002739,48,48,1,1,1,1
CKnFMx4GYGQ3dOg8Eg,0.021482,48,48,1,1,1,1
CB3VrE18Bzz5qnE2O1,0.002745,48,48,1,1,1,1
CysUY53o4lwicExzu8,0.002731,48,48,1,1,1,1
CYluRl2XB488qnPLDe,0.177895,48,48,1,1,1,1
CUy6Vr1BbpLIS0e2n7,0.002745,48,48,1,1,1,1
CvgHK029VUsUy3wilg,0.002995,48,48,1,1,1,1
C5uEgp4OX6WzB0J6v,0.002747,48,48,1,1,1,1
CE2kfo4zAdNBLfwHw9,0.004243,48,48,1,1,1,1
Cca4zi4ChABXh7Ek4e,0.002745,48,48,1,1,1,1
CgA4X32sVI6anMLOo8,0.196646,48,48,1,1,1,1
Cl3paG2z9OwLAOVds,0.00274,48,48,1,1,1,1
CEcOaR3D2JSNRCwcZk,0.002744,48,48,1,1,1,1
CSUMkVdtm1F91eZdk,0.002744,48,48,1,1,1,1
C37iOa1zW5Ux35FQxg,0.041971,48,48,1,1,1,1
CpIGrb2FCEiN97Jqe,0.079205,48,48,1,1,1,1
CPQPsc2OTQNSyJ0Hfl,0.055963,48,48,1,1,1,1
CpcUv4BUrLN55OIoa,0.002732,48,48,1,1,1,1
C6n0aQ1Ph8l99SNw8e,0.002985,48,48,1,1,1,1
Cuji2C2KRnffokoY8j,0.002754,48,48,1,1,1,1
CvD05t4cWihBNUZupg,0.002748,48,48,1,1,1,1
CBB02P1SkeMafNvmu5,0.004496,48,48,1,1,1,1
Ct3bCI1dB35xuKnThd,0.003746,48,48,1,1,1,1
CC0jKV1pGcKlZR4DI8,0.277588,48,48,1,1,1,1
CqrSRG3ji8jhmptQak,0.002998,48,48,1,1,1,1
CIh7pKTXYjnN0mrqc,0.087202,48,48,1,1,1,1
CXNiEN1EhwqAIb65M6,0.121948,48,48,1,1,1,1
C3KuXB4kxk270xKBri,0.002495,48,48,1,1,1,1
CzofCF4aviHvzJsLNf,0.003246,48,48,1,1,1,1
Cw2ZjrjJ7kXVLfgl4,0.017739,48,48,1,1,1,1
CHGg1I2qCd0US60knb,0.262351,48,48,1,1,1,1
C8azcn2uHqAdPCtU14,0.029982,48,48,1,1,1,1
CupaGO3OkRS7JvvRc,0.002484,48,48,1,1,1,1
Ch99YZ1AZJg3lLGVa3,0.002986,48,48,1,1,1,1
CdaxbS8PINcvF7uA9,0.002738,48,48,1,1,1,1
CNSlJ64XrapofjvM14,0.002996,48,48,1,1,1,1
CBd0tG4oUBNPfqqgf8,0.003244,48,48,1,1,1,1
CJp26r2pUVsobzKl2k,0.002746,48,48,1,1,1,1
Co5qTUvbWHOi2eoUc,0.002744,48,48,1,1,1,1
COWYhz4Qk3fCc7Fnw5,0.002732,48,48,1,1,1,1
CMfWpG47hczhn5QXZi,0.002738,48,48,1,1,1,1
C6pwIa41kVdsLr3bK7,0.004497,48,48,1,1,1,1
CTUgmz38BqUTOleGm4,0.002747,48,48,1,1,1,1
CvT7KZ34tAGNJZf1m1,0.039227,48,48,1,1,1,1
CKK0Sx41h2ki7Jvige,0.002745,48,48,1,1,1,1
CbK6uOZBl33MDDGm7,0.002746,48,48,1,1,1,1
CdCLxY3Xw3RnUJ4v6j,0.002745,48,48,1,1,1,1
CLkJwe1esJjqSGerCd,0.137176,48,48,1,1,1,1
C2RxOW3vPMMsqoWbS5,0.073455,48,48,1,1,1,1
CDkHExzofVmcG1r8j,0.033478,48,48,1,1,1,1
CmBY5y2x67D2YQVxUl,0.002745,48,48,1,1,1,1
C5zlBp287iXVQVe2Vd,0.05397,48,48,1,1,1,1
Ct4Vo44VGmdCDkoA1,0.046469,48,48,1,1,1,1
CrUTKr36tj8k3FmC6j,0.002741,48,48,1,1,1,1
Csn2Df1cpSlsIon8Tc,0.002982,48,48,1,1,1,1
COVBxg1ABaUrvxwOHl,0.006244,48,48,1,1,1,1
CEYrUR30q7HHvlZUA9,0.061474,48,48,1,1,1,1
CpC8Op4joF8dLrvyb6,0.002747,48,48,1,1,1,1
C6xy6H2RAmIrj94zP7,0.009243,45,45,1,1,1,1
CxjBLfzPOVAyrwJkd,5.005399,78,0,0,0,2,0
Ch30Px1resrp14wUK9,0.064959,45,45,1,1,1,1
CloXR63N8cejogEk3i,0.000496,45,45,1,1,1,1
CLu2al3j75Z6OoZPp8,5.005642,78,0,0,0,2,0
CSrq1E1SHk0HR0Y3ak,0.000749,45,45,1,1,1,1
Crn3I72PLrXvBNbaQ3,0.000495,45,45,1,1,1,1
CEk90U37arYlwFYyf8,5.005396,78,0,0,0,2,0
C3IWrN3HsNqcOaT4c3,0.000749,45,45,1,1,1,1
CWxJQ63W355ULgEvhi,0.002744,48,48,1,1,1,1
CFimn33Ct9b0GdPkb2,0.000496,45,45,1,1,1,1
CV7Lyi3MnAQzZXnMF6,5.005646,78,0,0,0,2,0
CNpfnQfUdlXFyZMfi,0.000749,45,45,1,1,1,1
C4vwqT1iLmSTrh7eFc,0.000496,45,45,1,1,1,1
CGKh7R1i6XRhi0lRcl,5.000898,78,0,0,0,2,0
CdkFSE1urbpDlPlKb7,0.000497,45,45,1,1,1,1
CQLI8x10nlZ4Lt135j,0.000496,45,45,1,1,1,1
CgDoo3Co8MPzosJCk,5.000407,78,0,0,0,2,0
CbHcf34TQjIbGbqp82,0.000749,45,45,1,1,1,1
CyVDsN2ybKHWh6Y2u,0.000747,45,45,1,1,1,1
Cwjftj1VEak6AZ2QIf,5.001144,78,0,0,0,2,0
CaME7C4xr6NieBQPtf,0.000499,45,45,1,1,1,1
CeciAx5bGV9HZk202,0.002994,48,48,1,1,1,1
CHPeXt32HpN7UrdbGg,0.000496,45,45,1,1,1,1
CT6pNx2lP4lEjExFw7,5.005397,78,0,0,0,2,0
CQ1BpC2WLIzfxel7da,0.00075,45,45,1,1,1,1
CAak7I2FBL9575mDD4,0.001748,45,45,1,1,1,1
CQYKMB34NZyqwgcSj4,5.005387,78,0,0,0,2,0
COUo7q2Qi0IUNmCRJc,0.000749,45,45,1,1,1,1
CjvDwQ2uLzaopGJEU5,0.000497,45,45,1,1,1,1
CDTeT54452plSLOMHh,5.005397,78,0,0,0,2,0
Cp3xLr1QTisOY8gDN2,0.00075,45,45,1,1,1,1
CwYWwn4SGA3OX3Ubpi,0.000746,45,45,1,1,1,1
CHqyfF23MubEFRJUa8,5.000899,78,0,0,0,2,0
Ceek9NVWE5uZXHZLb,0.000499,45,45,1,1,1,1
CwWHxX2OyQykioNDs5,0.002496,48,48,1,1,1,1
CJHoa01unBjtAJaiNl,0.00524,45,45,1,1,1,1
CxPFEu4reAxCxlXFKj,5.005399,78,0,0,0,2,0
CYojwW3oQIwneqY9zh,0.004748,45,45,1,1,1,1
CoblDr2UblVikyyNgf,0.01549,45,45,1,1,1,1
C8CnOt4xEOIhKqh2Ia,5.000909,78,0,0,0,2,0
C7UGDR2nQ1iL05U9jc,0.001499,45,45,1,1,1,1
C9Bhwr16eY09PZPc6l,0.11843,39,103,1,1,1,1
Cg4RmJ8hRkP2rrAi4,0.000747,45,45,1,1,1,1
CxqwxQ2BgcOKtwEI9i,5.005397,78,0,0,0,2,0
CXHyFC4mOTUtakcKPg,0.00075,45,45,1,1,1,1
CRFthwzoLphMMQ3p2,0.041976,48,48,1,1,1,1
C8ZraP2MOKZkXZUSh,0.006492,45,45,1,1,1,1
CvkuKVu525TbIimI7,5.005149,78,0,0,0,2,0
Ct4ZAglLN9NBIxVL9,0.004997,45,45,1,1,1,1
CAXY6O3kgFeYWRAIr3,0.036743,45,45,1,1,1,1
CqmQt1a3K72QxzbPj,5.000664,78,0,0,0,2,0
CztBuZ2zsaTsb235bb,0.039229,45,45,1,1,1,1
Cf9YZ22iO95AO6Ghf4,0.000733,45,45,1,1,1,1
CSVSaJ2lqb5KtREfk,5.000887,78,0,0,0,2,0
CT5beB4q0qR95IchKi,0.0005,45,45,1,1,1,1
CKSaIRii1eZi20tUk,0.109688,48,48,1,1,1,1
ChNxQ6BMEWcpm4cN1,0.000738,45,45,1,1,1,1
CfelYJ6qGLnbXfCzl,5.000655,78,0,0,0,2,0
CABaMS1q78a1g4kpA6,0.000749,45,45,1,1,1,1
CysuGo1u2LCsCQIVL7,0.00049,45,45,1,1,1,1
C3yUkn3ueJoIl9lJKd,5.000893,78,0,0,0,2,0
CzJ4O63gmK7fhKndHb,0.000748,45,45,1,1,1,1
CKP7SX2tRDZo5IIyIf,0.000498,45,45,1,1,1,1
CDeKUK2uyCybg8EzCi,5.000902,78,0,0,0,2,0
Co3fny4yanB79lHNXi,0.0005,45,45,1,1,1,1
CSQjMj2DgNlusdOnq4,0.009998,45,45,1,1,1,1
CaRH564IFrjyIli5ri,5.005396,78,0,0,0,2,0
Ce1O9c13JhHqgr8j2e,0.008989,45,45,1,1,1,1
C1Pii62OzdWhjm5E4h,0.00273,48,48,1,1,1,1
CBNZ6y2DYcpG6Upcde,0.087952,45,45,1,1,1,1
Ccyf6Y1wKtqwDpp974,5.001647,78,0,0,0,2,0
C0xp0A2XG5o7OHyWQe,0.000499,45,45,1,1,1,1
CidegZjiylzRI8uhe,0.000494,45,45,1,1,1,1
CpJ7UA4ovf128MiZkf,5.005396,78,0,0,0,2,0
CUgdol34zJtaO8EnGg,0.000499,45,45,1,1,1,1
CyCDsn2RMXIzn6IIyh,0.000747,45,45,1,1,1,1
Cayz5Ak7azk9V1QNb,5.005393,78,0,0,0,2,0
CO43Yv3msyxmsxK968,0.00075,45,45,1,1,1,1
CJj2RVqaVd4PpXSDe,0.028727,48,48,1,1,1,1
CMsfn01cLy5CEg12a4,0.000497,45,45,1,1,1,1
CDhB3lsfZw29LMkPh,5.000903,78,0,0,0,2,0
C3Gbbf3G6ZPOyrqIu7,0.0005,45,45,1,1,1,1
CL2TQw1axH1ZFeROja,0.000497,45,45,1,1,1,1
CNpxZuKuvL98yX7Bk,5.005401,78,0,0,0,2,0
CrbrtNiN5eQYsqi8k,0.000499,45,45,1,1,1,1
C4nTNY1VIDOHUOTRO7,0.000488,45,45,1,1,1,1
C5lIcC27xKtrT0MnL3,5.005398,78,0,0,0,2,0
CmgBaq4kiEiZyLTTE4,0.0005,45,45,1,1,1,1
C7lGhX2pKyPf8XrdZ3,0.002746,48,48,1,1,1,1
Ce1wfh201hBrDhvrpb,0.000497,45,45,1,1,1,1
CvHePE4B3HfoMFtkqb,5.001146,78,0,0,0,2,0
Cba9jk1RGZu2hqc4Lf,0.000749,45,45,1,1,1,1
Cnz3NM1DeiJKCzQR9j,0.000495,45,45,1,1,1,1
C9wTio2li3YXYfvIXj,5.000646,78,0,0,0,2,0
CfbaQv4WRfjXSO9a3l,0.0005,45,45,1,1,1,1
Cx4MMgruDh2GhqT2d,0.000499,45,45,1,1,1,1
CsgfoCcdDfDNbVSFe,5.005651,78,0,0,0,2,0
CJdTSZFT7o6imgfBj,0.0005,45,45,1,1,1,1
C6RbN721gc7z1sLD64,0.052722,39,103,1,1,1,1
CkoFfq35zEhuPotf68,5.146067,78,103,1,1,2,1
CKOfLL1Zy1lVA2SwE9,0.003244,48,48,1,1,1,1
Cvfksz2da4bCVsjN24,0.002002,45,45,1,1,1,1
C6UKGz1DkEWfEmsrR,5.005392,78,0,0,0,2,0
CdZoAo11XN5SJtNlRb,0.0085,45,45,1,1,1,1
CXYOKZ18w95SRIEai1,5.04013,78,103,1,1,2,1
C1ubEs4YFQBomBDc27,0.002746,48,48,1,1,1,1
CGpl981cWVzngH3pLf,0.000487,45,45,1,1,1,1
C4R8uz3uEk3miOlW34,5.00539,78,0,0,0,2,0
C0aWqi4qNt5a6JpFt2,0.0005,45,45,1,1,1,1
CrfZuj4yn3eWqBtfij,0.002745,48,48,1,1,1,1
CNJFi9jlLc1vYwpTf,0.000482,45,45,1,1,1,1
CCLxJ92jZKtIldLaQ,5.005384,78,0,0,0,2,0
CSrZxD1miSf8WnvhP7,0.00075,45,45,1,1,1,1
Clq6p34L9HsQJl4dfc,0.000499,39,103,1,1,1,1
CQPPSz7V1GocHdyah,0.000737,45,45,1,1,1,1
CxHsyv3KyJ7tAOA6z2,5.005396,78,0,0,0,2,0
CdVonm3SVVJmN0fVH7,0.00075,45,45,1,1,1,1
CYmHKGwz1F7YOJ2Zf,0.094212,48,48,1,1,1,1
CBGTIw1zqscZNOFvh2,0.019246,45,45,1,1,1,1
CTMTrS1Hr5xACvYf2j,5.005398,78,0,0,0,2,0
CDFupg3W1ouGpKhKn2,0.052224,45,45,1,1,1,1
COzzGc3jqDiNOkOHY6,0.000746,45,45,1,1,1,1
C6e3IdYd4mO3lqww6,5.005397,78,0,0,0,2,0
Cnrw971Mpe88IOHaR8,0.0005,45,45,1,1,1,1
C60Kau3SbHaqFnwXe8,0.002744,48,48,1,1,1,1
C4PJMT2bbololTCokj,0.000497,45,45,1,1,1,1
CjQho73n3mrRUqZOT1,5.005148,78,0,0,0,2,0
C0qf7d4q5mAq8crDWk,0.002749,45,45,1,1,1,1
C2CGbA22bR9OIBTcb,0.000746,45,45,1,1,1,1
CJcPn6xXsX5jxrET6,5.005395,78,0,0,0,2,0
CPUG4I3QDQbQW4QRl6,0.00075,45,45,1,1,1,1
CIfqaK14YpAqHOXDQ2,0.000746,45,45,1,1,1,1
CBYgjp21kcrTaG2L1b,5.005398,78,0,0,0,2,0
ClSEjr1VlKRvyKtXZk,0.000749,45,45,1,1,1,1
CYXk564VJyTlGTfz47,0.108189,39,103,1,1,1,1
COZ4IR5KXQnnV8jX4,0.002996,48,48,1,1,1,1
CGjpgk4wRGEmHvrat7,0.000493,45,45,1,1,1,1
CWYVZQ2qtsrvCCHS11,5.005398,78,0,0,0,2,0
CyoAulx7jCFDUuq7h,0.000749,45,45,1,1,1,1
CxaPoQ1bNSveiQWmM8,0.000747,45,45,1,1,1,1
COGBWNUnSDQq2VYs5,5.000645,78,0,0,0,2,0
ChymPD2stmTOs68We2,0.0005,45,45,1,1,1,1
CkduoLPnXfidQOqo6,0.04347,45,45,1,1,1,1
CdUZXa1MJikr1HNmvi,5.010395,78,0,0,0,2,0
CboTzk2zbLiVYHA9l,0.004498,45,45,1,1,1,1
CkeZvB4YQmWU6DczWl,0.002745,48,48,1,1,1,1
CKBVPo4wSzwvKjlcy2,0.000498,45,45,1,1,1,1
CrkchN2lx5RjVnlGMa,5.005398,78,0,0,0,2,0
CHDXxA3olsdbgDvpY2,0.00075,45,45,1,1,1,1
CCi4ri2bTZorz23Arl,0.004246,48,48,1,1,1,1
CXsZep4RzQ7ank20fc,0.000498,45,45,1,1,1,1
CrSZNyEpPjojewOge,5.005397,78,0,0,0,2,0
CqPM6SZfZSUcrnFOc,0.000749,45,45,1,1,1,1
C7Y4711cVdzxYKPBD1,5.036878,78,103,1,1,2,1
ClFcJn4u21PY2rguq7,0.002991,48,48,1,1,1,1
CEjAeE4zRG0ZJ2PZkh,0.098191,45,45,1,1,1,1
CammYB2oKDPycOGs4j,5.005401,78,0,0,0,2,0
CgoXDl2mshLOLzSoVl,0.0005,45,45,1,1,1,1
Cd7hVh33c1z8bCpqul,0.000744,45,45,1,1,1,1
CYRUZ84ZgqWO84UMd,5.005397,78,0,0,0,2,0
Cb23cY222czlsELfUk,0.00075,45,45,1,1,1,1
C2as1G4YVZrCodxN0h,0.002496,48,48,1,1,1,1
CXwNfs4W7SWHfvVL44,0.000496,45,45,1,1,1,1
CBloP94bJFe6O2tD86,5.001145,78,0,0,0,2,0
C7oj2X3omV78SHOSne,0.000749,45,45,1,1,1,1
Ccfxmh1MYB5r1kWuVe,0.000748,45,45,1,1,1,1
CadjHC1vVJqY9mo6Z4,5.005393,78,0,0,0,2,0
CJT1De2fdy09pph4b7,0.000749,45,45,1,1,1,1
CZW5jq4b9sMEiVzSj,0.000747,45,45,1,1,1,1
CXUpAg3Jub2DtCvY32,5.001139,78,0,0,0,2,0
Ce2VAs1y6S9c5ZyL83,0.00075,45,45,1,1,1,1
CQMSsV2XWYYZNJ7w2i,0.162159,48,48,1,1,1,1
CRg8gD2Ok8Tr8UhTvd,0.006499,45,45,1,1,1,1
CClQ4iA4DR2vK3OY,5.001147,78,0,0,0,2,0
CzOGDA2TPIBDXhB5oe,0.031737,45,45,1,1,1,1
CDdN4VEmS5Vg1Qwu7,0.030981,45,45,1,1,1,1
CczE1RAtokTfzhMm4,5.005402,78,0,0,0,2,0
C34Yiy4SWzXolJn7Z5,0.049972,45,45,1,1,1,1
CTTPud3ktINUelJCA8,0.004745,45,45,1,1,1,1
CAUm1b2jLaBjndNgq8,5.000892,78,0,0,0,2,0
COC5SRzvTHg16jL1a,0.00075,45,45,1,1,1,1
CBxv9NRgLqENWBm5h,0.000746,45,45,1,1,1,1
CN5XXk3frNow4CGyd4,5.000891,78,0,0,0,2,0
Cwc06z1s20MFcZQY3d,0.000499,45,45,1,1,1,1
C7HteV3MQTcNTib0df,5.20328,78,103,1,1,2,1
CgrxWA3qbiwwJUAAQk,5.005395,78,0,0,0,2,0
CknQVu1ed8FcY003Z4,0.000733,45,45,1,1,1,1
CCISy328jFEX4aQHA9,0.000499,45,45,1,1,1,1
CboYKx7I1x2kxd8ie,0.000487,45,45,1,1,1,1
CTrA0n1VHsZg8dzJbi,5.001146,78,0,0,0,2,0
CMKwcgR431C5AmxPh,0.00075,45,45,1,1,1,1
CtoucGqEde26vK6Jl,0.002745,48,48,1,1,1,1
C1g8oD3qbcHlGBDUwk,5.180797,78,103,1,1,2,1
CC7a9i1o1b3QZkOC84,10.015552,288,288,1,1,6,6
CsE5If3dRxH6hKMfF7,0.000747,45,45,1,1,1,1
CbR4Xz3Ewiyv84He5d,5.000651,78,0,0,0,2,0
CvCn2X3x9GRyFQglAf,0.02623,45,45,1,1,1,1
C7po5Q10yphBRMNnLf,0.000497,45,45,1,1,1,1
CFyEQu3gY0I0jpWGFb,5.005399,78,0,0,0,2,0
Ca8veEk1fZ7ZDLFVi,0.00075,45,45,1,1,1,1
CYtPQV1Y9m1JJVL7O9,0.002986,48,48,1,1,1,1
CuKpDG2qHSbnL3C2sg,5.000899,78,0,0,0,2,0
CPwNHM1r8FERvEzKhi,0.000497,45,45,1,1,1,1
C8gquH3qMEMRQPCg0d,0.0005,45,45,1,1,1,1
CAFyKy2x6VftWv0XYd,0.000749,45,45,1,1,1,1
Cq1kJN2qfhEbAhV7si,5.005397,78,0,0,0,2,0
Cp0AaolhTND6gUhxd,0.0005,45,45,1,1,1,1
ClVWrz3Y1t4cvSDHH7,0.002745,48,48,1,1,1,1
CMPYePuAFAHjUou6f,5.039127,78,103,1,1,2,1
CdiKuF4vPvxxbnwXMg,0.058468,39,94,1,1,1,1
CQ7JVq2cWbrD1GFN7i,0.032983,39,94,1,1,1,1
CI7IHd1DqQ9zBaw24g,5.04562,78,103,1,1,2,1
CgG4Zo4srt3ohmCuea,0.002747,48,48,1,1,1,1
Cmu7d33AQy83zmhW14,5.0054,78,0,0,0,2,0
CVdmav2xo9HrOaiAS4,0.103196,45,45,1,1,1,1
CNSQIz4S8JpO3OpOb3,0.178151,45,45,1,1,1,1
Cizu6EgFFGoTb0VH,0.085707,39,151,1,1,1,1
CWmgBE4NuNv0wISFr7,5.056867,78,103,1,1,2,1
CsN5nF4hTUXK0IY7I2,0.00474,48,48,1,1,1,1
CP01Vi3gs6q48HUASg,0.014235,45,45,1,1,1,1
Cqemhx4qBpDNIGIrG,5.000652,78,0,0,0,2,0
CnN1hJ1nqaoGqPS2a7,0.151668,45,45,1,1,1,1
CVYm1Y3Ud33n7iypPb,0.002497,48,48,1,1,1,1
CxKJUO2S1NGqJLesj3,0.000737,45,45,1,1,1,1
C6v0O44XR7OKWlVwa6,5.000652,78,0,0,0,2,0
CB6Jv5FuxvBczAx7g,0.000499,45,45,1,1,1,1
Cj1dgf2U6gu4727VL6,59.000125,96,0,0,0,2,0
C6unfh12Fc9usLcL6,5.005398,78,0,0,0,2,0
Cml8Fh3eHFknjtI2h4,0.000734,45,45,1,1,1,1
CgSudz1CcDyndhnVxk,0.0005,45,45,1,1,1,1
CbMY9k2KiWkYNxMdaa,0.00048,45,45,1,1,1,1
CCHXbl3MzCx8L7Kxb3,5.00539,78,0,0,0,2,0
CoZTRu11ctXCPZ1G2i,0.000749,45,45,1,1,1,1
Csgw3l19AVgtyPnMX1,0.054222,48,48,1,1,1,1
CdKrPm12FVvIPUlTDg,0.000747,45,45,1,1,1,1
CFXiPqMvnFCSpHrI7,5.005398,78,0,0,0,2,0
CYoPn02bxCIrL05rxh,0.005746,45,45,1,1,1,1
CZbuHE3qKpPj5st4I3,53.999725,96,0,0,0,2,0
CZBByw2PqEw7HT6Rl4,0.000481,45,45,1,1,1,1
CbVP611up9kzoKtnzc,5.005407,78,0,0,0,2,0
CpM3o92hjmZ1HsJhJ8,0.0005,45,45,1,1,1,1
CYpziB4NKiogKL5eHk,0.000745,45,45,1,1,1,1
CoCj3H1VKyQbVuGXfe,5.005398,78,0,0,0,2,0
CEq1kg34l2WKKm6MCd,0.000749,45,45,1,1,1,1
CbLGvp1HbJbWJeGJF2,0.090949,48,48,1,1,1,1
CKT2fElJpaevgcOC6,5.140578,78,103,1,1,2,1
CdMBB81VbGyjONVFGl,0.000733,45,45,1,1,1,1
CRHKdNRuaBgVkTov6,5.001149,78,0,0,0,2,0
CaNJMnKKtcr8U1l5d,0.0005,45,45,1,1,1,1
CUsfyO1amdv7HSFjO7,0.000749,45,45,1,1,1,1
CUJATrlvtsK8KzrJ9,5.001142,78,0,0,0,2,0
COMhCo1b9A7cmBKso3,0.00075,45,45,1,1,1,1
CGJXu428kX1A9yNSd5,0.032242,48,48,1,1,1,1
CTTSr744e74GiQEPKc,0.000745,45,45,1,1,1,1
CKYlXU2ThgCnr5Lz3e,5.000897,78,0,0,0,2,0
CDmMokdHaInmTQrC4,0.00075,45,45,1,1,1,1
CNdILk1znR1YLoCpv8,0.057462,45,45,1,1,1,1
CvhT2g1rrTbrJuVJy8,5.001149,78,0,0,0,2,0
Ca48Rx4tGNda9kmSFj,0.006747,45,45,1,1,1,1
CtSe8zx2kT7ZLTiDh,0.042222,48,48,1,1,1,1
CrNndX3rVrDShOifXk,0.000496,45,45,1,1,1,1
CEXwLu1O845FwflsBl,5.000897,78,0,0,0,2,0
C0oYg52mLZq4uMNEe3,0.000499,45,45,1,1,1,1
Ct49wE3vVQe4RTfWIf,0.000748,45,45,1,1,1,1
CP5ESN1IaM4yJ3DqG1,5.005396,78,0,0,0,2,0
Cw0Svr4ysHGxprm4Ib,0.000499,45,45,1,1,1,1
CU1Y6W3ViphOsV0S4k,0.002743,48,48,1,1,1,1
CjyOT31UiR5SO6qQ8l,5.000899,78,0,0,0,2,0
CROnh32wCxqhckzm4c,0.000496,45,45,1,1,1,1
CHrFSu46aljrihQl6k,0.000749,45,45,1,1,1,1
COFR1vcCNSEorcri6,5.077603,78,103,1,1,2,1
CIAUu51ur2BCqfkgIe,5.074357,78,103,1,1,2,1
C5phz5q9FOiw681ka,0.0005,39,39,1,1,1,1
CCtIyMi2HGl3HXuR2,0.008996,39,39,1,1,1,1
Cq3I2219LsUwlNP4ff,5.083601,78,103,1,1,2,1
Cod7L4krEeABbtmEd,0.081455,48,48,1,1,1,1
COVVMB1dcWy2Azj7za,0.012743,45,45,1,1,1,1
CBXrYe2jEoj95szDcj,5.005393,78,0,0,0,2,0
C4jo2O1rNHBMCqJl78,0.026486,45,45,1,1,1,1
CqQEDC1h5aXqlNq02g,0.125941,48,48,1,1,1,1
CcEh5s2xcD61cNV3Bb,0.015735,45,45,1,1,1,1
C5RSk8vixRM8WJWLb,5.005396,78,0,0,0,2,0
CZJl2S25WLeOxavMS1,0.001248,45,45,1,1,1,1
CMIkSd2S0hmd9wD2yd,0.013741,48,48,1,1,1,1
CiD8Xz3iHd2jnStqu7,0.004487,48,48,1,1,1,1
CqPB0b1FGCiXSRMta2,0.002732,48,48,1,1,1,1
CavYyo6AuHwYYFKFf,68.002211,384,384,1,1,8,8
CdiFra4HM7oiawc6ye,0.002747,48,48,1,1,1,1
CFnZ1G34f7WTmQQLL,0.002237,48,48,1,1,1,1
C57VZL1Q18AEeK0XA3,0.049224,48,48,1,1,1,1
CjQlHw2QNRZKVA5e41,9.970562,288,288,1,1,6,6
C33dDgkDXxv8gXcE8,0.00274,48,48,1,1,1,1
Ccdh6S2Ef7oohNZpN6,0.002994,48,48,1,1,1,1
C7ExSr3kzz3Qgzvrr5,0.108438,48,48,1,1,1,1
C07KSf3gfhqn2hN49g,0.051967,48,48,1,1,1,1
CRgQN032DEa5AncrE7,0.003238,48,48,1,1,1,1
CTxb7blc0zWyZ3uG2,0.063974,48,48,1,1,1,1
ChZuQ04YXKb2YikUV6,0.002989,48,48,1,1,1,1
CRd63t3NLQPUOwrlz8,0.003246,48,48,1,1,1,1
CId7ez1Y5cc4HVlR53,0.004246,48,48,1,1,1,1
Cj7cbNdtvCtGwTkIg,0.077455,48,48,1,1,1,1
COvRhj1e3eZIYoNTD6,0.064714,48,48,1,1,1,1
CcOHpN2DhSCLoBb8tc,0.003482,48,48,1,1,1,1
C4U45X2pqEVHiGU5Xi,0.072705,48,48,1,1,1,1
CNi0KA2ukR7jeSLbHh,0.002995,48,48,1,1,1,1
Cqeu4XbGwJyTFdPDg,0.070708,48,48,1,1,1,1
CgnOg039NvH8XbBHjg,0.002743,48,48,1,1,1,1
CuleBn3YLVqk7Hd8X8,0.108689,48,48,1,1,1,1
CSgGBp2YGWrUfY75S3,0.002745,48,48,1,1,1,1
Cxw0WIuAcD3FephD9,0.035974,48,48,1,1,1,1
C88WQl3GOx6UtmM587,0.003236,48,48,1,1,1,1
Cf1Qwa4dV7giyJDFXf,0.002496,48,48,1,1,1,1
CFC2PM1yObn2niqoqf,0.149414,48,48,1,1,1,1
CvRZcP1Q4BgiCpEiTd,0.003746,48,48,1,1,1,1
CgQa4820WzMN1M2r2a,0.002995,48,48,1,1,1,1
CXpITL3EAXiKSHMBaa,0.103192,48,48,1,1,1,1
CTERKe3pv81WHmSxL3,0.015489,48,48,1,1,1,1
CjaM5K1s8oGPYg6813,0.002746,48,48,1,1,1,1
C15jsp4tpy10oBpZ8e,0.003238,48,48,1,1,1,1
CVoUxUqGLmLUCOKI7,0.002731,48,48,1,1,1,1
C93Q9VFgdIb78C5B1,0.002746,48,48,1,1,1,1
COnYbL2mblquleYKW7,0.158661,48,48,1,1,1,1
CqzGvl4G7ZSsCKPSyb,0.022988,48,48,1,1,1,1
Cz32QXdhj9gFqjSNl,0.002496,48,48,1,1,1,1
CbcAQjQ4J36BKhIUf,0.002731,48,48,1,1,1,1
Ct9KXJ12h4hqNNM1E,0.033475,48,48,1,1,1,1
CNNFeAuGsZ2uAm7P2,0.002737,48,48,1,1,1,1
CNYKzAsobBVMN75Rf,0.002742,48,48,1,1,1,1
CQUJACFA6pqh82ia7,0.017739,48,48,1,1,1,1
CA58HA2RRtiYHncGwd,0.004246,48,48,1,1,1,1
CWNbq12GrcP9Q9ovAi,0.066712,48,48,1,1,1,1
Csq2PN0kUXxERcAUc,0.10219,48,48,1,1,1,1
ChpBac40Q8Z2j5GUdl,0.004496,48,48,1,1,1,1
Cvyoir2m1rglrmD7b3,0.002736,48,48,1,1,1,1
Cbo0SPTZl7WZv03Kh,0.003497,48,48,1,1,1,1
ChUQhCIgiLRfVJZFb,0.002496,48,48,1,1,1,1
CcopW13j5EhW3JOqh2,0.176395,48,48,1,1,1,1
CJ6w4G4VUxsWS5HDkl,0.002745,48,48,1,1,1,1
CfZJGX2l7I339Pdt7i,0.002491,48,48,1,1,1,1
CpXW3m3UYT0xVdXHNk,0.00273,48,48,1,1,1,1
CbHCru3e2qdeBJSxAh,0.00273,48,48,1,1,1,1
CIMwms4syBxLg79Aic,0.163937,48,48,1,1,1,1
CH4NSO1rL97hVewZsd,0.002745,48,48,1,1,1,1
CcEyZn4V3und1mqEug,0.013991,48,48,1,1,1,1
CgcWkJA3SMXz16Hxk,0.143166,48,48,1,1,1,1
CHIwR51CY2AbhZ7L1f,0.061215,48,48,1,1,1,1
CGNFva36htv4bqRdhc,0.002747,48,48,1,1,1,1
CpRuvH3KIosmkPS1mg,0.002981,48,48,1,1,1,1
CoAkw04YPQ116MbiC8,0.00274,48,48,1,1,1,1
CnSzpfGRpmXMtb1f,0.103684,48,48,1,1,1,1
CSugsZ2IMO3dYb0JPh,0.002746,48,48,1,1,1,1
CwUBHGNjiQySKbAb,0.002743,48,48,1,1,1,1
CtQZB04hpJCWF8J57a,0.137427,48,48,1,1,1,1
CYg8144jnU267oZtCg,0.002987,48,48,1,1,1,1
Cr4uQe3m8uYdCphwxk,0.002487,48,48,1,1,1,1
CbyK4r3Z1iC7OrS4Lk,0.002732,48,48,1,1,1,1
C3s28D4Phf3wJXjRc8,0.002747,48,48,1,1,1,1
COemgP2o76UNoxFy7a,0.072964,48,48,1,1,1,1
CivARQ2xD0oSPfVate,0.003242,48,48,1,1,1,1
CCBQlL2ZtnDcjijuX4,0.002746,48,48,1,1,1,1
Ctz25L1cqDMX45Lky9,0.002747,48,48,1,1,1,1
Cb4JIc3hbDka7tLZth,0.002732,48,48,1,1,1,1
CgenZ5oaUlAs8oOP8,0.058227,48,48,1,1,1,1
CuyoPRuDeCX9EleYd,0.002738,48,48,1,1,1,1
CXya0e36iFhSxS3Mf9,0.033229,48,48,1,1,1,1
CGLDvm3X8xOnv1Rfwf,44325.61563,19431,19431,3,6,8872,9307
Cr70I22hK5v40Wu9mh,0.042471,48,48,1,1,1,1
